CONNECTION ID,# EDGES,EDGE IDS
road0,191,-11178932,-11180735,-11181275,-11181732,-11181733,-11184323,-11185013,-11191850,-11193062#1,-11198418#0,-11198418#1,-11198418#2,-11198654#1,-11199390,-11199536,-11201515,-11204061#1,-128955526#0,-128955526#1,-150283313#0,-150283313#1,-157634773,-157634775#0,-157634775#1,-157634776,-157847888,-157848192,-210709301#1,-210709301#2,-210709303,-210709304,-210709305,-210709309,-210709319,-210709321#0,-210709321#1,-210709368,-210709369,-210709370,-210709371,-210709372,-210709374#1,-210709377,-210709378,-210709379#0,-210709379#1,-210709387,-210709388#1,-210709388#2,-210709396#0,-213613323,-213657208,-213657210,-213657212#2,-214485744,-214485747#0,-214485747#1,-28715510#0,-28715510#1,-28715510#2,-33763732,-43678526#1,-44077108#1,-67472165#0,-67472165#1,-67472165#2,-67472167,-67472169#0,-67472169#1,-67472169#2,-69558917,-73540502#0,-73540502#1,-73540502#2,-73540502#3,-77689380#2,-77689380#3,-77689380#4,-77689380#5,-77689380#6,-77691294,-77691295,-77691298#0,-77691298#1,-78390876,-78390897,11178932,11180735,11181275,11181732,11181733,11184323,11185013,11191850,11192983,11193062#1,11198418#0,11198418#1,11198418#2,11198654#1,11199390,11199536,11201515,11204061#1,128955526#0,128955526#1,150283311,150283312,150283313#0,150283313#1,156283054#0,156283054#1,156283057,157634773,157634775#0,157634775#1,157634776,157847888,157848192,157850839#0,157850839#1,157850839#2,210709301#1,210709301#2,210709303,210709304,210709305,210709309,210709319,210709321#0,210709321#1,210709368,210709369,210709370,210709371,210709372,210709374#1,210709377,210709378,210709379#0,210709379#1,210709387,210709388#1,210709388#2,210709396#0,213613323,213657208,213657210,213657212#2,214485744,214485747#0,214485747#1,28715510#0,28715510#1,28715510#2,33763732,43678526#1,44077108#1,44077117,620891604#0,620891604#1,620891605#0,620891605#1,620891606#0,620891606#1,620891607,620891608,67472165#0,67472165#1,67472165#2,67472167,67472169#0,67472169#1,67472169#2,69558917,73540502#0,73540502#1,73540502#2,73540502#3,77689380#2,77689380#3,77689380#4,77689380#5,77689380#6,77691294,77691295,77691298#0,77691298#1,77962553,78390876,78390897
road1,8,-11193062#1,-11198654#0,-210709301#0,-210709310,-210709374#0,-210709388#0,-78390897,210709321#2
road2,7,-11194164,-11204061#0,-151021365,-210709320,-213657212#1,-43678526#1,-77689380#1
road3,187,-11172277,-11176282,-11181276,-11181861,-11182364,-11186645#0,-11186645#1,-11187636,-11189305,-11189836#0,-11189836#1,-11189849,-11193062#0,-11193961,-11196143,-11198654#0,-11200318,-149984564#0,-149984564#1,-157391024,-157391027,-157391058,-157391110,-157391115,-157704341,-157704350,-157704353,-157704361,-208933903,-208933904,-208933905,-208933906,-210709300,-210709308,-210709325,-210709326,-210709349,-210709351,-210709352,-210709354,-210709360,-210709373,-210709375,-210709382,-210709383,-210709384,-210709385,-210709386,-213563481,-213563529,-213613324,-214485749#0,-214485749#1,-214485749#2,-214485749#3,-214485749#4,-215958378#0,-215958378#1,-215958378#2,-215958378#3,-47030221#0,-47030221#1,-47030221#2,-47030221#3,-47030221#4,-49887157,-73540486,-73540509#8,-77689381,-77689383,-77691297,-77691300#0,-77691300#1,-77691887,-77691892,-78390897,11172277,11176282,11181276,11181861,11182364,11186645#0,11186645#1,11187636,11189305,11189836#0,11189836#1,11189849,11193062#0,11193961,11196143,11198654#0,11199864#0,11199864#1,11199864#2,11199864#4,11200318,127456770#0,140046373,149984564#0,149984564#1,157391024,157391027,157391058,157391110,157391115,157704341,157704350,157704353,157704361,207671969,207671977#0,207671977#1,207671977#1-AddedOnRampEdge,208933903,208933904,208933905,208933906,209187373,209187374,209187375,210709300,210709308,210709325,210709326,210709349,210709351,210709352,210709354,210709360,210709373,210709375,210709382,210709383,210709384,210709385,210709386,213563481,213563529,213563541,213613324,214485749#0,214485749#1,214485749#2,214485749#3,214485749#4,215958378#0,215958378#1,215958378#2,215958378#3,32086372#0,32086372#0-AddedOffRampEdge,32086372#1,32086421,32086427,32086486,47026710,47026713#1,47030217,47030221#0,47030221#1,47030221#2,47030221#3,47030221#4,47030223#0,47030229,47030230#0,47030373,47030380,47528845,49887048,49887049,49887157,548660518,548660521#1,548660521#1-AddedOffRampEdge,73540486,73540509#8,77689381,77689383,77691297,77691300#0,77691300#1,77691887,77691892,78390897,80664959#0
road4,6,-11180403,-11185087#2,-67472160,-67472161,32086427,548660519
road5,8,-210709321#2,11193062#1,11198654#0,210709301#0,210709310,210709374#0,210709388#0,78390897
road6,5,11199864#4,157849050,32086372#1,49887157,548660518
road7,258,-11180468,-11181872#0,-11181872#1,-11181872#2,-11182994,-11183460,-11186608,-11187702,-11189816,-11193556,-11193855,-11198369,-11203071#0,-11203072#0,-11203072#1,-11203072#2,-11204247#0,-11204247#1,-11205349,-127456779#0,-127456779#1,-127605042#0,-127605042#1,-127605042#2,-127605051#0,-127605051#1,-127605051#2,-127605051#3,-127605051#4,-157849055#0,-157849055#1,-157849055#2,-209747665,-210605407,-210605753,-210605755,-210605758,-210605761,-210605765,-213546015,-213546016,-213546054#0,-213546054#1,-213546055,-213546069,-215359984,-215359987#0,-215359987#1,-215359987#2,-215359987#3,-215359987#4,-215359989,-215359990,-215359992#0,-215359992#1,-215486793#1,-215486793#10,-215486793#2,-215486793#3,-215486793#4,-215486793#5,-215486793#7,-215486793#8,-215486793#9,-215958381#0,-215958381#1,-215958381#2,-215958382#0,-215958382#1,-215958382#2,-215958382#3,-43990548#0,-43990548#1,-47030228#1,-47528842#0,-47528842#1,-47528842#2,-47528842#3,-49887151#0,-49887151#1,-49887151#2,-49887151#3,-49887154#0,-49887154#1,-49887157,-548635879#0,-548635879#1,-548635879#2,-548635879#3,-548635879#4,-596409662,-610996546,-610996550,-610996561,-67523969#2,-73817079#0,-75252154,-84084528#0,-84084528#1,-84084528#2,-84084528#3,-84084528#4,104081864#0,104081864#1,11180468,11181872#0,11181872#1,11181872#2,11182994,11183460,11186608,11187702,11188947#2,11188947#3,11188947#4,11188947#5,11188947#6,11188947#7,11188947#8,11188947#9,11189816,11193556,11193855,11198369,11203071#0,11203072#0,11203072#1,11203072#2,11204247#0,11204247#1,11205349,127456779#0,127456779#1,127605042#0,127605042#1,127605042#2,127605051#0,127605051#1,127605051#2,127605051#3,127605051#4,157849055#0,157849055#1,157849055#2,209187390,209747665,210605407,210605753,210605755,210605758,210605761,210605765,213546015,213546016,213546054#0,213546054#1,213546055,213546069,215359984,215359987#0,215359987#1,215359987#2,215359987#3,215359987#4,215359989,215359990,215359992#0,215359992#1,215486793#1,215486793#10,215486793#2,215486793#3,215486793#4,215486793#5,215486793#7,215486793#8,215486793#9,215958381#0,215958381#1,215958381#2,215958382#0,215958382#1,215958382#2,215958382#3,32086491,32086491-AddedOffRampEdge,32086492,32086494,43990515#0,43990515#1,43990515#2,43990515#3,43990548#0,43990548#1,46981021,47030223#0,47030225,47030227,47030228#1,47528841#0,47528841#1,47528841#2,47528841#3,47528841#4,47528841#5,47528841#6,47528842#0,47528842#1,47528842#2,47528842#3,49887047,49887050,49887151#0,49887151#1,49887151#2,49887151#3,49887152#0,49887152#1,49887152#1-AddedOffRampEdge,49887154#0,49887154#1,49887156#0,49887156#1,49887156#2,49887157,548635879#0,548635879#1,548635879#2,548635879#3,548635879#4,548635880#0,548635880#1,548635880#2,548660521#0,548660523,556381104,596409662,610996515,610996533#0,610996533#1,610996546,610996550,610996561,610996580,610996590,610996598,67523969#2,700576935#0,73817079#0,75252154,75274322#0,75274322#1,84084528#0,84084528#1,84084528#2,84084528#3,84084528#4,gneE1
road8,5,-157849050,-49887157,32086372#0,47030223#0,548660521#1
road9,4,-215486793#1,-67523969#1,104081869#0,215359989
road10,5,11183460,11201188,11203071#1,215359987#5,556381099
road11,379,-104081860#0,-104081860#2,-104081860#3,-11181062,-11181868#0,-11181868#1,-11183460,-11185380,-11188282,-11190726#0,-11190726#1,-11191625#0,-11191625#1,-11194117,-11194532,-11197289,-11200570#0,-11200570#1,-11200652,-11201189,-11201190#0,-11201190#1,-11201190#2,-11201190#3,-11201190#4,-11201353,-11202779,-11202782,-11203042,-11203071#2,-11203071#3,-11203071#4,-11203071#5,-11203071#6,-11203585,-11203636#0,-11203636#1,-11203636#2,-127605030,-127605031,-127605032#0,-127605032#1,-127605036,-127605037#0,-127605037#1,-127605037#2,-127605037#3,-127605037#4,-127605057,-127605058,-127605059,-127605060,-127605061,-127605062#0,-127605062#1,-135787537,-135787542#0,-135787542#1,-157391087,-157391090#0,-157391090#1,-157391095#0,-157391095#1,-157391103#0,-157391103#1,-157391103#2,-157391103#3,-157391106#0,-157391134,-157391135,-157391136#0,-157391136#1,-157391141#0,-157391141#1,-157391141#2,-157610585,-157610606,-157610607#0,-157610607#1,-157610607#2,-157610620#0,-157610620#1,-157610624#0,-157610624#1,-157610624#2,-157610624#3,-157610624#4,-157610624#5,-157610624#6,-157610624#7,-157610624#9,-157610626#0,-157610626#1,-157610626#2,-157610626#3,-157610626#4,-157610626#5,-157610626#6,-157610626#7,-157610626#8,-157610636#0,-157610636#1,-157610636#2,-157610636#3,-157610639,-157610642#0,-157610642#1,-157610642#2,-157849047#0,-157849047#1,-157849049,-157849052,-157849054#0,-157849054#1,-157849882,-157849897,-157849900,-157849903#1,-157849903#2,-207671967#0,-207671967#1,-207671968#0,-207671968#1,-210585022#2,-210585024#0,-210585024#1,-210585024#2,-210605474,-210605476,-210605479,-210605482#0,-210605482#1,-210605488,-210605512,-210605514,-210605517,-210605519,-210605521,-210605525,-210605627,-210605630,-210605711,-210605715,-210605716,-210605717,-210605718,-210605719,-210605720,-210605721#0,-210605721#1,-210605784,-210605785,-210605791,-210605792,-210605793,-210605802,-210605814,-210605837,-210605839,-210605876,-210605894,-213546058,-213546068,-213579725#4,-213579725#5,-213579725#6,-213579725#7,-215344920#0,-215344920#1,-215344920#2,-215344921,-215360001,-215360003,-43990557,-44076815#3,-44076815#4,-44076815#5,-44076815#6,-44076815#7,-44076815#8,-549743570,-686104649#1,-686104649#2,-686104649#3,-686104649#4,-73540494,-73541775,104081860#0,104081860#2,104081860#3,11181062,11181868#0,11181868#1,11183460,11185380,11188282,11190726#0,11190726#1,11191625#0,11191625#1,11194117,11194532,11197289,11200570#0,11200570#1,11200652,11201189,11201190#0,11201190#1,11201190#2,11201190#3,11201190#4,11201353,11202779,11202782,11203042,11203071#2,11203071#3,11203071#4,11203071#5,11203071#6,11203585,11203636#0,11203636#1,11203636#2,127605030,127605031,127605032#0,127605032#1,127605036,127605037#0,127605037#1,127605037#2,127605037#3,127605037#4,127605057,127605058,127605059,127605060,127605061,127605062#0,127605062#1,135787537,135787542#0,135787542#1,157391087,157391090#0,157391090#1,157391095#0,157391095#1,157391103#0,157391103#1,157391103#2,157391103#3,157391106#0,157391134,157391135,157391136#0,157391136#1,157391141#0,157391141#1,157391141#2,157610585,157610606,157610607#0,157610607#1,157610607#2,157610620#0,157610620#1,157610624#0,157610624#1,157610624#2,157610624#3,157610624#4,157610624#5,157610624#6,157610624#7,157610624#9,157610626#0,157610626#1,157610626#2,157610626#3,157610626#4,157610626#5,157610626#6,157610626#7,157610626#8,157610636#0,157610636#1,157610636#2,157610636#3,157610639,157610642#0,157610642#1,157610642#2,157849047#0,157849047#1,157849049,157849052,157849054#0,157849054#1,157849882,157849897,157849900,157849903#1,157849903#2,207671967#0,207671967#1,207671968#0,207671968#1,210585022#2,210585024#0,210585024#1,210585024#2,210605474,210605476,210605479,210605482#0,210605482#1,210605488,210605512,210605514,210605517,210605519,210605521,210605525,210605627,210605630,210605711,210605715,210605716,210605717,210605718,210605719,210605720,210605721#0,210605721#1,210605784,210605785,210605791,210605792,210605793,210605802,210605814,210605837,210605839,210605876,210605894,213546058,213546068,213579725#4,213579725#5,213579725#6,213579725#7,215344920#0,215344920#1,215344920#2,215344921,215360001,215360003,43990557,44076815#3,44076815#4,44076815#5,44076815#6,44076815#7,44076815#8,549743570,556381104,556381108,610996520,610996526,610996529,686104649#1,686104649#2,686104649#3,686104649#4,73540494,73541775
road12,6,-104081862#3,-157849903#0,-210585022#1,-213579725#2,-44076815#2,-686104649#0
road13,6,-11183460,-11201188,-11203071#1,-215359987#5,556381104,610996520
road14,9,11197588,11203043#0,11203074#0,11203637#0,157391106#1,210605894,215344909,215344928#0,75252149
road15,50,-11186205,-11186207#0,-11186207#1,-11186207#2,-11186207#3,-11203043#1,-11203074#1,-11203637#1,-157391106#1,-210605408,-210605409,-210605415,-210605418,-210605471,-210605491#0,-210605572,-210605633,-210605648#0,-210605648#1,-210605862,-210605878,-215344928#1,-215591346#0,-215591346#1,-647006180,11186205,11186207#0,11186207#1,11186207#2,11186207#3,11203043#1,11203074#1,11203637#1,157391106#1,210605408,210605409,210605415,210605418,210605471,210605491#0,210605572,210605633,210605648#0,210605648#1,210605862,210605878,215344928#1,215591346#0,215591346#1,647006180
road16,1,-11186206
road17,9,-11197588,-11203043#0,-11203074#0,-11203637#0,-157391106#1,-210605894,-215344909,-215344928#0,-75252149
road18,278,-11177891,-11177893,-11183140,-11183496,-11183497,-11183697#2,-11183697#3,-11187017,-11188734#0,-11188734#1,-11189577,-11193196#1,-11194164,-11195046,-11198103,-11198624,-11199415#0,-11199415#1,-11199415#2,-11199415#3,-11199415#4,-11201043#0,-11201043#1,-11201043#2,-11201043#3,-11201043#4,-11201043#5,-11201043#6,-11202230#0,-11202230#1,-11204336#0,-11204336#1,-11204517,-11204616,-11205452,-127588545#0,-127588545#1,-127588545#2,-127588545#3,-127588545#4,-128835980#0,-128835980#1,-156523405,-157403435,-157403439,-157403483#0,-157403483#1,-157403512#0,-157403512#1,-157403536#0,-157403536#1,-157403536#2,-157403541#0,-157847895#0,-157847895#1,-157849029,-157849030#0,-157849030#1,-210272665,-210272666,-210272682,-210272700,-210272703,-210272704,-210272705,-210272706#0,-210272706#1,-210272707,-210272708#0,-210272708#1,-210272724,-210272725,-210272726,-210272729,-210272730,-210272745#0,-210272745#1,-210272824,-213657212#0,-213657212#1,-214485764#0,-214485764#1,-214485764#2,-214485764#3,-214485764#4,-214485764#5,-215671203,-215671205#0,-215671205#1,-215671217#0,-215671217#1,-215671218#0,-215671218#1,-215795045#0,-215795045#1,-215795059#0,-215795059#1,-215795059#2,-215795059#3,-215795059#4,-215795059#5,-215885112#0,-215885112#1,-215958383#4,-215958383#5,-215958383#6,-215958383#7,-216584578,-216584580#0,-43678526#0,-43678526#1,-43678545,-44035279#1,-44035279#2,-44035298,-67469501,-73531007#0,-73531007#1,-73531032#0,-73531032#1,-73531032#2,-73531032#3,-73531032#4,-77087853,-77689380#0,-80761703#1,-80761703#2,-80778932#0,-80778932#1,-80778932#2,-80778932#3,-80778935#0,-80778935#1,-80778935#2,-80778935#3,-80778935#5,11177891,11177893,11183140,11183496,11183497,11183697#2,11183697#3,11187017,11188734#0,11188734#1,11189577,11193196#1,11194164,11195046,11198103,11198624,11199415#0,11199415#1,11199415#2,11199415#3,11199415#4,11201043#0,11201043#1,11201043#2,11201043#3,11201043#4,11201043#5,11201043#6,11202230#0,11202230#1,11204336#0,11204336#1,11204517,11204616,11205452,127588545#0,127588545#1,127588545#2,127588545#3,127588545#4,128835980#0,128835980#1,156523362#2,156523362#3,156523363#0,156523363#1,156523405,157403435,157403439,157403483#0,157403483#1,157403512#0,157403512#1,157403536#0,157403536#1,157403536#2,157403541#0,157847895#0,157847895#1,157849029,157849030#0,157849030#1,210272665,210272666,210272682,210272700,210272703,210272704,210272705,210272706#0,210272706#1,210272707,210272708#0,210272708#1,210272724,210272725,210272726,210272729,210272730,210272745#0,210272745#1,210272824,213657212#0,213657212#1,214485764#0,214485764#1,214485764#2,214485764#3,214485764#4,214485764#5,215671203,215671205#0,215671205#1,215671217#0,215671217#1,215671218#0,215671218#1,215795045#0,215795045#1,215795059#0,215795059#1,215795059#2,215795059#3,215795059#4,215795059#5,215885112#0,215885112#1,215958383#4,215958383#5,215958383#6,215958383#7,216584578,216584580#0,43678526#0,43678526#1,43678545,43701895#0,44035279#1,44035279#2,44035298,67469501,67472258,73531007#0,73531007#1,73531032#0,73531032#1,73531032#2,73531032#3,73531032#4,77087853,77689380#0,80761703#1,80761703#2,80778932#0,80778932#1,80778932#2,80778932#3,80778935#0,80778935#1,80778935#2,80778935#3,80778935#5
road19,6,-11183697#1,-210272665,-210272738,11183140,215671205#2,215671218#2
road20,8,-11193196#1,-11204616,-127588546#1,-157849031,-210272726,-215958383#3,-44035279#0,-80761703#1
road21,7,11194164,11204061#0,151021365,210709320,213657212#1,43678526#1,77689380#1
road22,398,-11179494,-11180403,-11183324#0,-11183324#1,-11183324#2,-11185087#0,-11185087#1,-11189207,-11189209,-11193196#0,-11193196#1,-11195044#0,-11195044#1,-11195044#2,-11195044#3,-11195044#4,-11195044#5,-11195044#6,-11195044#7,-11195044#8,-11196219#1,-11197511#0,-11198268,-11198269#0,-11198269#1,-11204334,-11204339#16,-11204352,-11204616,-127588546#0,-127605053,-127605054,-127605055#0,-127605055#1,-148640484#0,-148640484#1,-157551368#3,-210252864#0,-210252864#1,-210272670,-210272698,-210272699,-210272722,-210272723,-210272727,-210272728,-210272758#0,-210272758#1,-210272801#0,-210272801#1,-213546023,-213546028#0,-215671202,-215671207#0,-215671207#1,-215671207#2,-215671209#0,-215671209#1,-215671209#2,-215671209#3,-215958383#0,-215958383#1,-215958383#2,-216298959,-43678497#0,-43678497#1,-43678497#2,-43678497#3,-43678497#4,-43678497#5,-44034907#0,-44034907#1,-44034907#2,-44034907#3,-44035279#0,-47026813,-47030761,-494288006#0,-494288006#1,-494288008#0,-494288008#1,-494288008#2,-494288008#3,-494288008#4,-49847027,-49847028#0,-49847028#1,-49847029#0,-49847029#1,-49847029#2,-53848263#0,-53848263#1,-53848263#2,-548635877,-552917838,-552931294,-552931299#10,-552931299#11,-552931299#6,-552931299#7,-552931299#8,-552931299#9,-553326099,-553326108,-556550707#0,-556550707#1,-556587033,-556587035,-556587087,-556587140,-556826747,-561143475#0,-561143475#1,-561143475#2,-561143475#3,-561143475#4,-561143475#5,-656755047,-656755048,-67469502,-73531013#0,-73531013#1,-75293054#0,-75293054#1,-75293054#2,-75293054#3,-77087855#0,-77087855#1,-77087855#2,-77087855#3,-80538174#0,-80538174#1,-80538174#2,-80540246#0,-80540246#1,-80659134#10,-80659134#11,-80659134#6,-80659134#7,-80659134#8,-80659134#9,-80761703#0,-80761703#1,-80761716#0,-80761716#1,-80761716#2,-80761716#3,11179494,11180403,11180828,11183324#0,11183324#1,11183324#2,11185087#0,11185087#1,11189207,11189209,11193196#0,11193196#1,11195044#0,11195044#1,11195044#2,11195044#3,11195044#4,11195044#5,11195044#6,11195044#7,11195044#8,11196219#1,11197511#0,11198268,11198269#0,11198269#1,11204334,11204339#16,11204352,11204616,115673326,115673328,115673330,127588546#0,127605053,127605054,127605055#0,127605055#1,148640484#0,148640484#1,148640488#0,148640488#1,157551368#3,208938664,210252864#0,210252864#1,210272660#0,210272660#1,210272670,210272698,210272699,210272722,210272723,210272727,210272728,210272758#0,210272758#1,210272801#0,210272801#1,213546023,213546028#0,213546070#0,213546070#1,215591358#0,215591358#1,215591358#2,215591358#3,215671194#0,215671194#1,215671194#2,215671194#3,215671202,215671207#0,215671207#1,215671207#2,215671209#0,215671209#1,215671209#2,215671209#3,215795011#0,215795011#1,215795011#2,215795022#0,215795022#1,215795022#2,215795022#3,215795022#4,215958383#0,215958383#1,215958383#2,216298959,32086293,32086316,32086318,32086319,32086320,32086425#0,32086425#1,32086425#2,32086447,32086462,32086466,32087585,32087586,32087589,43678497#0,43678497#1,43678497#2,43678497#3,43678497#4,43678497#5,43678513,44034902#0,44034907#0,44034907#1,44034907#2,44034907#3,44035234,44035279#0,44035299#0,44035299#1,44035301#0,44035301#1,44035301#2,44035301#3,44035301#4,44035301#5,47026709,47026713#0,47026713#1,47026730#0,47026730#1,47026730#2,47026811,47026813,47026815#0,47026815#1,47026815#2,47026816,47026817#0,47026817#1,47026817#2,47026817#3,47026818,47030761,47030763,494288006#0,494288006#1,494288008#0,494288008#1,494288008#2,494288008#3,494288008#4,49841573,49841573-AddedOffRampEdge,49847027,49847028#0,49847028#1,49847029#0,49847029#1,49847029#2,49887044,49887062,49887178,503900172#0,503900172#1,53848263#0,53848263#1,53848263#2,548021415,548635875#0,548635875#1,548635875#2,548635875#3,548635877,548635975#0,548635975#1,548635975#2,552917838,552931294,552931299#10,552931299#11,552931299#6,552931299#7,552931299#8,552931299#9,553326099,553326108,556550707#0,556550707#1,556587033,556587035,556587087,556587140,556826744,556826747,561143475#0,561143475#1,561143475#2,561143475#3,561143475#4,561143475#5,656755047,656755048,67469502,67562136,73531013#0,73531013#1,75293054#0,75293054#1,75293054#2,75293054#3,75447711#0,75447711#1,75447711#2,77087855#0,77087855#1,77087855#2,77087855#3,80538166,80538172#0,80538172#1,80538174#0,80538174#1,80538174#2,80540246#0,80540246#1,80659134#10,80659134#11,80659134#6,80659134#7,80659134#8,80659134#9,80664634#0,80666332#0,80666332#2,80738233#0,80738233#1,80738233#2,80761703#0,80761703#1,80761712,80761716#0,80761716#1,80761716#2,80761716#3,85476395,85476404#0,85476404#1,85476404#2,85476404#3
road23,8,-11196219#0,-127605043,-210272698,-210272758#0,11197511#1,44034902#1,44035310,75293054#4
road24,1,-11204339#15
road25,5,-157551368#3,-552931299#5,-80659134#6,213546028#0,80664634#0
road26,6,11180403,11185087#2,47026713#1,548660518,67472160,67472161
road27,8,11193196#1,11204616,127588546#1,157849031,210272726,215958383#3,44035279#0,80761703#1
road28,414,-11176209,-11177970#0,-11177970#1,-11177970#2,-11179409#0,-11179409#1,-11179409#2,-11179409#3,-11179409#4,-11179409#5,-11179409#6,-11179409#7,-11179409#8,-11180285#0,-11180285#1,-11180285#2,-11180285#3,-11180285#5,-11180285#6,-11181848,-11183171#0,-11183171#1,-11186453#0,-11186453#1,-11186453#2,-11186453#3,-11186453#4,-11186453#5,-11186453#6,-11186453#7,-11189528#0,-11189528#1,-11192306,-11193557#0,-11193557#1,-11193647#0,-11193647#1,-11193647#10,-11193647#2,-11193647#3,-11193647#4,-11193647#8,-11193647#9,-11201609#0,-11201609#1,-11201609#2,-11201609#3,-11201609#4,-11204339#12,-11204339#13,-140210324#0,-140210324#1,-140210324#2,-140210324#3,-140210324#4,-140210324#5,-157551368#0,-157551368#1,-213546022#0,-213546022#1,-213546022#2,-213546022#3,-213546022#4,-213546022#5,-213546024#0,-213546024#1,-213546024#2,-213546024#3,-213546026#0,-213546026#1,-213546026#2,-213546026#3,-213546026#4,-213546028#1,-213546028#10,-213546028#2,-213546028#3,-213546028#4,-213546028#5,-213546028#6,-213546028#7,-213546028#8,-213546028#9,-213546044,-215359981#2,-215359982,-215359983#0,-215486792#0,-215486792#1,-215486792#2,-215486792#3,-215486793#0,-215486794#0,-215486794#1,-215486794#2,-215671208#0,-215671208#1,-215671208#2,-215671208#3,-215795020#0,-215795020#1,-215958376#0,-215958376#1,-43990457#0,-43990457#1,-43990457#2,-47026378#0,-47026378#1,-47026378#2,-47026378#3,-47026378#4,-47026378#5,-47026378#6,-49847026,-548603179#0,-548603179#1,-548603179#2,-552931299#0,-552931299#1,-552931299#2,-552931299#3,-552931299#4,-556419636#0,-556419636#1,-556419636#2,-556419638,-67523969#0,-67567288#0,-684600452#0,-684600452#1,-73531003#0,-73531003#1,-73538097,-73538101,-73538102#0,-73538109#0,-73538109#1,-73538119#0,-73538119#1,-73538119#2,-73538119#3,-73538119#4,-73538120#0,-73538120#1,-73538120#2,-73538121#0,-73538121#1,-73540483,-80655316,-80655317,-80659106#0,-80659106#1,-80659106#2,-80659106#3,-80659106#4,-80659106#5,-80659133#0,-80659133#1,-80659133#2,-80659134#0,-80659134#1,-80659134#2,-80659134#3,-80659134#4,-80659134#5,104081869#1,11176209,11177800#0,11177800#1,11177800#2,11177800#3,11177800#4,11177800#5,11177970#0,11177970#1,11177970#2,11179409#0,11179409#1,11179409#2,11179409#3,11179409#4,11179409#5,11179409#6,11179409#7,11179409#8,11180285#0,11180285#1,11180285#2,11180285#3,11180285#5,11180285#6,11181848,11183171#0,11183171#1,11186453#0,11186453#1,11186453#2,11186453#3,11186453#4,11186453#5,11186453#6,11186453#7,11188947#0,11189528#0,11189528#1,11192306,11193557#0,11193557#1,11193647#0,11193647#1,11193647#10,11193647#2,11193647#3,11193647#4,11193647#8,11193647#9,11194590,11198370,11201609#0,11201609#1,11201609#2,11201609#3,11201609#4,11204339#12,11204339#13,140210324#0,140210324#1,140210324#2,140210324#3,140210324#4,140210324#5,157551368#0,157551368#1,208938664,213546022#0,213546022#1,213546022#2,213546022#3,213546022#4,213546022#5,213546024#0,213546024#1,213546024#2,213546024#3,213546026#0,213546026#1,213546026#2,213546026#3,213546026#4,213546028#1,213546028#10,213546028#2,213546028#3,213546028#4,213546028#5,213546028#6,213546028#7,213546028#8,213546028#9,213546044,215359981#2,215359982,215359983#0,215486792#0,215486792#1,215486792#2,215486792#3,215486793#0,215486794#0,215486794#1,215486794#2,215671208#0,215671208#1,215671208#2,215671208#3,215795020#0,215795020#1,215795047#17,215795047#18,215795047#19,215958376#0,215958376#1,423218171#0,423218171#1,423218171#2,43990457#0,43990457#1,43990457#2,44035019#0,44035019#1,44035020#0,44035020#1,44035168#15,44035168#16,44035168#17,47026378#0,47026378#1,47026378#2,47026378#3,47026378#4,47026378#5,47026378#6,47026380#0,47026380#1,47026380#10,47026380#11,47026380#12,47026380#2,47026380#3,47026380#4,47026380#5,47026380#6,47026380#7,47026380#8,47026380#9,49847026,51064594#0,51064594#1,51064594#2,548603179#0,548603179#1,548603179#2,552931299#0,552931299#1,552931299#2,552931299#3,552931299#4,556419636#0,556419636#1,556419636#2,556419638,673113752#0,673113752#1,673113752#2,67523969#0,67567288#0,684600452#0,684600452#1,73531003#0,73531003#1,73538097,73538101,73538102#0,73538109#0,73538109#1,73538119#0,73538119#1,73538119#2,73538119#3,73538119#4,73538120#0,73538120#1,73538120#2,73538121#0,73538121#1,73540483,75259994#0,75259994#1,75259994#2,75259994#3,75259994#4,75259994#5,75259994#6,75259994#7,80655316,80655317,80659106#0,80659106#1,80659106#2,80659106#3,80659106#4,80659106#5,80659128#0,80659128#1,80659128#2,80659128#3,80659128#4,80659128#5,80659128#6,80659128#7,80659133#0,80659133#1,80659133#2,80659134#0,80659134#1,80659134#2,80659134#3,80659134#4,80659134#5,80664413#0,80664413#1,80664414#0,80664414#1,80664414#2,80664414#3,80664414#4,80664414#5,80664414#6,80664414#7,80664414#8,80664415#10,80664415#11,80664415#12,80664415#13,80664415#2,80664415#3,80664415#4,80664415#5,80664415#6,80664415#7,80664415#8,80664415#9,80664634#0,80664634#1
road29,4,-11204339#11,11179409#9,11204339#14,80664413#2
road30,5,-213546028#0,157551368#3,208938664,552931299#5,80659134#6
road31,8,-215359981#1,-73538113#6,213546022#5,215359983#0,215795020#1,67567288#0,73538102#0,73541792
road32,4,-215359989,11188947#1,215486793#1,67523969#1
road33,459,-104081861#0,-104081861#1,-104081861#2,-104081861#3,-104081861#4,-104081862#0,-104081862#1,-104081862#2,-104081868#0,-104081868#1,-104081868#2,-11176217#0,-11176217#1,-11176217#2,-11176217#3,-11176217#4,-11176217#5,-11179939#1,-11181964#1,-11185558#0,-11185558#1,-11187684#0,-11187684#1,-11187684#2,-11187684#3,-11187684#4,-11187684#5,-11187684#6,-11190133#0,-11190133#1,-11190133#2,-11190133#3,-11192305,-11196649,-11197290#0,-11197290#1,-11197290#2,-11202783,-11202784,-11203462#0,-156772091#0,-156772091#1,-156772091#2,-156772091#3,-156772091#4,-156772091#5,-157403432,-157848801,-157848803,-157848807,-157848808,-196818520#0,-196818520#1,-196818520#2,-196818520#3,-210585007,-210585008,-210585009#0,-210585009#1,-210585009#2,-210585010,-210585022#0,-213546022#5,-213546022#6,-213546022#7,-213546022#8,-213546027#0,-213546027#1,-213546027#2,-213546027#3,-213546029#0,-213546029#1,-213546029#2,-213546029#3,-213546035#0,-213546035#1,-213546035#2,-213546035#3,-213546037,-213546038,-213546063#0,-213546063#1,-213546063#2,-213546066#0,-213546066#1,-213546067#0,-213546067#1,-213579725#0,-213579725#1,-213579726#0,-213579726#1,-213579726#2,-213579727#0,-213579727#1,-215359980#0,-215359980#1,-215359980#2,-215359980#3,-215359980#4,-215359980#5,-215359981#0,-215359983#1,-215359983#2,-215671204#0,-215671204#1,-215671204#2,-215671204#3,-215671204#4,-215671204#5,-215671204#6,-215671204#7,-215671211#0,-215671211#1,-215671214#0,-215671214#1,-215671214#2,-215795020#2,-215795020#3,-215795020#4,-215885102#0,-215885102#1,-215885102#2,-215885170#0,-215885170#1,-215885170#2,-43990411#0,-43990411#1,-43990411#10,-43990411#11,-43990411#12,-43990411#13,-43990411#14,-43990411#15,-43990411#16,-43990411#17,-43990411#18,-43990411#19,-43990411#2,-43990411#20,-43990411#21,-43990411#22,-43990411#3,-43990411#4,-43990411#5,-43990411#6,-43990411#7,-43990411#8,-43990411#9,-44034544#0,-44034544#1,-44034544#2,-44034544#3,-44075488,-44076815#0,-44076815#1,-53848098#0,-53848098#1,-53848098#2,-53848098#3,-53848098#4,-53848098#5,-53848099#0,-53848099#1,-67563898#0,-67563898#1,-67567167#0,-67567167#1,-67567167#2,-67567288#1,-67567288#2,-67567288#3,-67567288#4,-67567288#5,-67567288#6,-67567288#7,-67569905#0,-67569905#1,-686104647#0,-686104647#1,-686104649#0,-686104650,-686104654#0,-686104654#1,-73538102#1,-73538113#0,-73538113#1,-73538113#2,-73538113#3,-73538113#4,-73538113#5,-73538117#0,-73538117#1,-73538117#2,-73538117#3,-73538117#4,-73538117#5,-73538117#6,-73538117#7,-73538117#8,-73540484,-73540498#0,-73540500#0,-73540500#1,-73540500#2,-73540500#3,-73540500#4,-73540500#5,-73540500#6,-73541769#0,-73541769#1,-73541769#2,-73541769#3,-73541769#4,-73542491,-73542497#0,-75459746#0,-75459746#1,-75459746#2,-75459746#3,-75459746#4,-75459746#5,-75459746#6,-75459746#7,-75459746#8,104081861#0,104081861#1,104081861#2,104081861#3,104081861#4,104081862#0,104081862#1,104081862#2,104081868#0,104081868#1,104081868#2,11176217#0,11176217#1,11176217#2,11176217#3,11176217#4,11176217#5,11179242#0,11179242#1,11179242#2,11179939#1,11181964#1,11185558#0,11185558#1,11185663#0,11185663#1,11185663#2,11187684#0,11187684#1,11187684#2,11187684#3,11187684#4,11187684#5,11187684#6,11190133#0,11190133#1,11190133#2,11190133#3,11192305,11196649,11197290#0,11197290#1,11197290#2,11202783,11202784,11203462#0,127588557#0,156772091#0,156772091#1,156772091#2,156772091#3,156772091#4,156772091#5,157403432,157848801,157848803,157848807,157848808,196818520#0,196818520#1,196818520#2,196818520#3,210585007,210585008,210585009#0,210585009#1,210585009#2,210585010,210585022#0,213546022#5,213546022#6,213546022#7,213546022#8,213546027#0,213546027#1,213546027#2,213546027#3,213546029#0,213546029#1,213546029#2,213546029#3,213546035#0,213546035#1,213546035#2,213546035#3,213546037,213546038,213546063#0,213546063#1,213546063#2,213546066#0,213546066#1,213546067#0,213546067#1,213579725#0,213579725#1,213579726#0,213579726#1,213579726#2,213579727#0,213579727#1,215359980#0,215359980#1,215359980#2,215359980#3,215359980#4,215359980#5,215359981#0,215359983#1,215359983#2,215671204#0,215671204#1,215671204#2,215671204#3,215671204#4,215671204#5,215671204#6,215671204#7,215671211#0,215671211#1,215671214#0,215671214#1,215671214#2,215795020#2,215795020#3,215795020#4,215885102#0,215885102#1,215885102#2,215885170#0,215885170#1,215885170#2,43990411#0,43990411#1,43990411#10,43990411#11,43990411#12,43990411#13,43990411#14,43990411#15,43990411#16,43990411#17,43990411#18,43990411#19,43990411#2,43990411#20,43990411#21,43990411#22,43990411#3,43990411#4,43990411#5,43990411#6,43990411#7,43990411#8,43990411#9,44034544#0,44034544#1,44034544#2,44034544#3,44075488,44076815#0,44076815#1,53848098#0,53848098#1,53848098#2,53848098#3,53848098#4,53848098#5,53848099#0,53848099#1,67561684,67563898#0,67563898#1,67567167#0,67567167#1,67567167#2,67567288#1,67567288#2,67567288#3,67567288#4,67567288#5,67567288#6,67567288#7,67569904,67569905#0,67569905#1,686104647#0,686104647#1,686104649#0,686104650,686104654#0,686104654#1,73538102#1,73538113#0,73538113#1,73538113#2,73538113#3,73538113#4,73538113#5,73538117#0,73538117#1,73538117#2,73538117#3,73538117#4,73538117#5,73538117#6,73538117#7,73538117#8,73540484,73540498#0,73540500#0,73540500#1,73540500#2,73540500#3,73540500#4,73540500#5,73540500#6,73541769#0,73541769#1,73541769#2,73541769#3,73541769#4,73542491,73542494#0,73542494#1,73542497#0,75459746#0,75459746#1,75459746#2,75459746#3,75459746#4,75459746#5,75459746#6,75459746#7,75459746#8
road34,8,-11179939#1,-11181964#1,-44075488,11203462#0,127588557#0,215885168#0,73540498#0,73542499
road35,8,-213546022#5,-215359983#0,-215795020#1,-67567288#0,-73538102#0,-73541792,215359981#1,73538113#6
road36,11,-213546039,-73540480#2,127588520#0,127605069,156772057#0,156772091#6,210585004,213546027#4,213546043,215344910#0,44034414
road37,6,104081862#3,157849903#0,210585022#1,213579725#2,44076815#2,686104649#0
road38,40,-11185659,-11186206,-127588520#1,-127588523,-156772091#7,-157848802,-157848809,-210585003,-210585006,-210585013,-210585014,-210585133,-210585134,-210585136,-210585137,-210585138,-210585142,-215344910#1,-44034414,11185659,11186206,127588520#1,127588523,156772091#7,157848802,157848809,210585003,210585006,210585013,210585014,210585133,210585134,210585136,210585137,210585138,210585142,213546018,215344910#1,44034414,73538116
road39,11,-127588520#0,-127605069,-156772057#0,-156772091#6,-210585004,-213546027#4,-213546043,-215344910#0,-44034414,213546039,73540480#2
road40,1,-73540480#1
road41,1,11186206
road42,449,-11171001#0,-11171001#1,-11176175,-11180808#0,-11180808#1,-11181171#0,-11181171#1,-11182008#0,-11182008#1,-11183134#0,-11183134#1,-11183697#0,-11185508#0,-11185508#1,-11185508#2,-11185873#0,-11185873#1,-11185876,-11187615,-11188136,-11188639,-11188641,-11191501,-11194168,-11195060,-11195120,-11195188,-11196332#0,-11196332#1,-11196333,-11196463,-11198712,-11200532#0,-11200532#1,-11200532#2,-11201737,-11204173,-127588469,-127588470,-127588471#0,-127588471#1,-148640702#0,-148640702#1,-148640702#2,-148640702#3,-148640702#4,-148640702#5,-148640702#6,-208933870,-210272655,-210272656,-210272657,-210272658,-210272659#0,-210272659#1,-210272675,-210272676,-210272677#0,-210272677#1,-210272678,-210272679,-210272680#0,-210272687,-210272731,-210272736,-210272737,-210272738,-210272743,-210272746#0,-210272746#1,-210272746#2,-210272746#3,-210272751,-210272752,-210272759,-210272760,-210272761,-210272762,-210272763,-210272764,-210272765,-210272766,-210272767,-210272768,-210272769,-210272770,-210272771,-210272772,-210272773#0,-210272773#1,-210272773#2,-210272773#3,-210272783,-210272786,-210272790,-210272791,-210272792,-210272793,-210272796,-210272797,-210272799,-210272800#0,-210272800#1,-210272820#0,-210272820#1,-210328287#0,-210328287#1,-210328287#2,-210328287#3,-210328289#0,-210328289#1,-210328289#2,-210328289#3,-210328289#4,-210328289#5,-210328289#6,-215591412,-215671205#3,-215671205#4,-215885184#0,-215885184#1,-215958380#0,-215958380#1,-216584537,-216584569#0,-216584569#1,-216584569#2,-44034868#0,-44034868#1,-44034868#2,-44034868#3,-44034868#4,-49846075#0,-49846075#1,-49846075#2,-49846075#3,-49846075#4,-550526578#0,-550526578#1,-67458822,-67458823,-73530992#0,-73530992#1,-73530999#0,-73530999#1,-73531025#0,-73531025#1,-73531025#2,-73531025#3,-73531029#0,-73531029#1,-73531029#2,-73974985,-73974992#0,-73974992#1,-73974992#2,-73974992#3,-73974997#0,-73974997#1,-73975004#0,-73975004#1,-74098637#0,-74098637#1,-74098637#2,-74098637#3,-74098637#4,-74098637#5,-77087849#0,-77087849#1,-77087851,-77087852,-77087854,-77088125#0,-77088125#1,-80742686#0,-80742686#1,-80742686#2,-80742686#3,-80742686#4,-80778204#0,-80778204#1,-81229288#0,-81229288#1,-81229288#2,-81229288#3,-81229288#4,-83977850#0,-83977850#1,-85476408#3,-85476408#4,11171001#0,11171001#1,11176175,11180808#0,11180808#1,11181171#0,11181171#1,11182008#0,11182008#1,11183134#0,11183134#1,11183697#0,11185508#0,11185508#1,11185508#2,11185873#0,11185873#1,11185876,11187615,11188136,11188639,11188641,11191501,11194168,11195060,11195120,11195188,11196332#0,11196332#1,11196333,11196463,11198712,11200532#0,11200532#1,11200532#2,11201737,11204173,127456771#0,127456771#1,127456772,127588469,127588470,127588471#0,127588471#1,127588529,127588530,127588531,127588532,127588533,127588547#10,127588547#11,127588547#4,127588547#5,127588547#6,127588547#7,127588547#8,127588547#9,127588564#0,127588564#1,140097361#0,140097361#1,148640695#0,148640695#1,148640697#0,148640697#1,148640700#0,148640700#1,148640702#0,148640702#1,148640702#2,148640702#3,148640702#4,148640702#5,148640702#6,208933870,208952147,208952149#1,209696049,209696050#0,209696050#1,210272655,210272656,210272657,210272658,210272659#0,210272659#1,210272675,210272676,210272677#0,210272677#1,210272678,210272679,210272680#0,210272687,210272731,210272736,210272737,210272738,210272743,210272746#0,210272746#1,210272746#2,210272746#3,210272751,210272752,210272759,210272760,210272761,210272762,210272763,210272764,210272765,210272766,210272767,210272768,210272769,210272770,210272771,210272772,210272773#0,210272773#1,210272773#2,210272773#3,210272783,210272786,210272790,210272791,210272792,210272793,210272796,210272797,210272799,210272800#0,210272800#1,210272820#0,210272820#1,210328287#0,210328287#1,210328287#2,210328287#3,210328289#0,210328289#1,210328289#2,210328289#3,210328289#4,210328289#5,210328289#6,215591412,215671205#3,215671205#4,215885115#0,215885115#1,215885115#2,215885115#3,215885164#1,215885164#2,215885184#0,215885184#1,215958380#0,215958380#1,216584537,216584569#0,216584569#1,216584569#2,43678582#0,43678582#1,43678582#2,44034868#0,44034868#1,44034868#2,44034868#3,44034868#4,47091729#2,47091729#3,48487863#0,48487863#1,48487866,49845707#0,49845707#1,49846075#0,49846075#1,49846075#2,49846075#3,49846075#4,550526578#0,550526578#1,67458822,67458823,73530992#0,73530992#1,73530999#0,73530999#1,73531025#0,73531025#1,73531025#2,73531025#3,73531029#0,73531029#1,73531029#2,73974985,73974992#0,73974992#1,73974992#2,73974992#3,73974997#0,73974997#1,73975004#0,73975004#1,74098637#0,74098637#1,74098637#2,74098637#3,74098637#4,74098637#5,77087849#0,77087849#1,77087851,77087852,77087854,77088125#0,77088125#1,80677014#0,80677014#1,80677014#2,80677014#3,80677014#4,80742686#0,80742686#1,80742686#2,80742686#3,80742686#4,80747146#0,80747146#1,80747146#2,80747146#3,80747146#4,80747146#5,80747146#6,80747146#7,80747146#8,80747150#0,80747150#1,80778204#0,80778204#1,80778214#0,80778214#1,81229288#0,81229288#1,81229288#2,81229288#3,81229288#4,83977850#0,83977850#1,85476408#3,85476408#4,85476410#0,85476410#1,85537228#0,85537228#1
road43,6,-11183140,-215671205#2,-215671218#2,11183697#1,210272665,210272738
road44,5,-215795028,-73974934#1,-85476408#2,210328287#4,80677014#4
road45,3,140097361#2,43678579,85476396
road46,410,-11178957,-11182195#0,-11182195#1,-11182195#2,-11182195#3,-11182195#4,-11189043#0,-11189043#1,-11189043#2,-11189044,-11190558,-11193699,-11194984,-11195192#0,-11195715,-11196219#0,-11197511#1,-11197511#2,-11197511#3,-11197511#4,-11197511#5,-11197511#6,-11197513,-11199047,-11199090,-11201732#0,-11201732#1,-11201732#2,-11202419,-11205135,-11205329,-127588559#0,-127588559#1,-135787519#0,-135787519#1,-135787592#5,-135787593#0,-135787593#1,-135787593#2,-135787593#3,-151178396,-157551333#0,-157551333#1,-157551333#2,-157551382#0,-157551382#1,-210272711,-210272747,-210272755,-210272757#0,-210272757#1,-210272777,-210272781#0,-210272781#1,-210328287#5,-210328287#6,-213546020#0,-213546020#1,-213546020#2,-213546047#0,-213546047#1,-213546047#2,-215671201#0,-215671201#1,-215671206#0,-215671215#0,-215671215#1,-215795028,-215795053#0,-215795053#1,-215795053#2,-363246675#0,-363246675#1,-363246675#2,-363246675#3,-363246675#4,-423215360,-47025725#0,-47025725#1,-47025725#2,-475709181#0,-475709181#1,-475709181#2,-49846077#0,-49846077#1,-49846077#2,-49846078#0,-49846078#1,-548635977#0,-548635977#1,-548635977#2,-548635977#3,-548635978#0,-548635978#1,-548635978#2,-548635979#0,-548635979#1,-548635979#2,-556550801,-67470684,-73540738#0,-73540738#1,-73540738#2,-73540738#3,-73540738#4,-73974934#0,-73974942,-73974963#0,-73974963#1,-75293054#5,-77087847,-80590368#0,-80590368#1,-80590370#0,-80590370#1,-80590370#2,-80590370#3,-80671486,-80671487#0,-80671487#1,-80742698#0,-80742698#1,-80742698#2,-80742700#0,-80742700#1,-80742700#2,-80742716#0,-80742716#1,-80742716#2,-80742716#3,-80745432#0,-80745432#1,-80745435#0,-80745435#1,-80745435#2,-85476408#0,-85476408#1,11177384#0,11177384#1,11177384#2,11177384#3,11177384#4,11178957,11182195#0,11182195#1,11182195#2,11182195#3,11182195#4,11189043#0,11189043#1,11189043#2,11189044,11190558,11193699,11194984,11195192#0,11195715,11196219#0,11196739#2,11197511#1,11197511#2,11197511#3,11197511#4,11197511#5,11197511#6,11197513,11199047,11199090,11201732#0,11201732#1,11201732#2,11202419,11205135,11205329,115672900#0,115672900#1,115672900#2,115672901,127456767#2,127456767#3,127456790#0,127456790#1,127456790#2,127588472,127588473,127588547#0,127588547#1,127588547#2,127588559#0,127588559#1,135787519#0,135787519#1,135787592#5,135787593#0,135787593#1,135787593#2,135787593#3,147045060#0,147779060,151178396,157551333#0,157551333#1,157551333#2,157551382#0,157551382#1,209116835#0,209116835#1,209116835#2,209116835#3,209116835#4,209116835#5,209298336#0,209298336#1,209298336#2,210272711,210272747,210272755,210272757#0,210272757#1,210272777,210272781#0,210272781#1,210328287#5,210328287#6,210328294#0,210328294#1,210328295#0,210328295#1,210328295#2,210328295#3,211309564#0,211309564#1,213546020#0,213546020#1,213546020#2,213546047#0,213546047#1,213546047#2,215671201#0,215671201#1,215671206#0,215671212#0,215671212#1,215671213,215671215#0,215671215#1,215795028,215795053#0,215795053#1,215795053#2,32084924#1,32085110,32085126,32085126-AddedOnRampEdge,363246675#0,363246675#1,363246675#2,363246675#3,363246675#4,392395501,423215360,43250126,44034864#0,44034864#1,44034864#2,44034902#1,44034902#2,44034904#0,44034904#1,44035250,44035252,44035329,44035345,44035346,44035458,44035467,44035473#1,44035473#2,44035475,44035542#0,44035542#1,44035561,44035562,47025651,47025656#0,47025702,47025703,47025723#0,47025723#1,47025725#0,47025725#1,47025725#2,47025871#0,47091729#0,475709181#0,475709181#1,475709181#2,49841575,49845393,49845394,49845709#0,49845709#1,49845709#2,49845709#3,49846077#0,49846077#1,49846077#2,49846078#0,49846078#1,49847455#0,49847455#1,49847456#0,49847456#1,49847456#2,49847458,531491269,531491270,548635976#0,548635976#1,548635977#0,548635977#1,548635977#2,548635977#3,548635978#0,548635978#1,548635978#2,548635979#0,548635979#1,548635979#2,548660524,548660525,556388157,556550798#0,556550801,561065785#0,561065785#1,67470684,684864824#0,684864824#1,73540738#0,73540738#1,73540738#2,73540738#3,73540738#4,73974934#0,73974942,73974963#0,73974963#1,75248715#0,75293054#5,77087847,80590368#0,80590368#1,80590370#0,80590370#1,80590370#2,80590370#3,80624474,80624475#0,80624475#1,80624475#2,80624475#3,80624477#0,80624477#1,80671486,80671487#0,80671487#1,80677014#5,80677014#6,80677014#7,80677014#8,80677015#0,80677015#1,80677015#2,80742674#0,80742674#1,80742674#2,80742674#3,80742674#4,80742698#0,80742698#1,80742698#2,80742700#0,80742700#1,80742700#2,80742716#0,80742716#1,80742716#2,80742716#3,80742726#0,80742726#1,80742726#2,80742726#3,80742726#4,80742726#5,80742726#6,80745431#0,80745431#1,80745431#2,80745431#3,80745431#4,80745431#5,80745431#6,80745432#0,80745432#1,80745435#0,80745435#1,80745435#2,85476408#0,85476408#1
road47,8,-11197511#1,-75293054#4,11196219#0,127605043,210272698,210272758#0,44034904#2,44035253
road48,6,-135787592#5,11182195#4,215671206#1,556388156,556550798#0,75248715#0
road49,7,-210326379,11195192#0,147045060#0,32085110,363246675#5,47025871#0,49847458
road50,6,-210328287#4,127588547#3,215795028,47091729#1,73974934#1,85476408#2
road51,577,-11176415#0,-11176415#1,-11176424#0,-11182195#4,-11182195#5,-11182195#6,-11182195#7,-11182195#8,-11192510#0,-11192510#1,-11195369#0,-11195369#1,-11195369#2,-11195369#3,-11195369#4,-11195369#5,-11195369#6,-11195369#7,-11196509#0,-11196509#1,-11196509#2,-11196509#3,-11196509#4,-11196509#5,-11196509#6,-11197189#0,-11197189#1,-11197189#10,-11197189#11,-11197189#12,-11197189#13,-11197189#14,-11197189#15,-11197189#2,-11197189#3,-11197189#4,-11197189#5,-11197189#6,-11197189#7,-11197189#8,-11197189#9,-11198919#0,-11198919#1,-11198919#2,-11198919#3,-11198919#4,-11202298,-11203589,-11203721#0,-11204339#0,-11204339#1,-11204339#10,-11204339#14,-11204339#15,-11204339#2,-11204339#3,-11204339#4,-11204339#5,-11204339#6,-11204339#7,-11204339#8,-11204339#9,-11205322#0,-127605064#0,-135787592#0,-135787592#1,-135787592#2,-135787592#3,-135787592#4,-135787592#5,-210585066#0,-210585066#1,-210585088,-213546030#0,-213546030#1,-213546030#2,-215671206#2,-215671206#3,-215671206#4,-215671206#5,-215795044#0,-215795044#1,-215795044#2,-215885158#0,-215885158#1,-215885158#2,-215885158#3,-215885158#4,-215885158#5,-399817852#0,-399817852#1,-399817853#1,-43990395#0,-43990395#1,-43990395#2,-43990395#3,-44035097#0,-44035097#1,-44035097#2,-47026124#0,-47026124#1,-47026124#10,-47026124#11,-47026124#12,-47026124#2,-47026124#3,-47026124#4,-47026124#5,-47026124#6,-47026124#7,-47026124#8,-47026124#9,-47026383#0,-47026383#1,-47026383#2,-47026383#3,-47026383#4,-47026383#5,-47026383#6,-47026383#7,-47026383#8,-49846076#0,-49846076#1,-49846076#10,-49846076#11,-49846076#12,-49846076#13,-49846076#14,-49846076#15,-49846076#2,-49846076#3,-49846076#4,-49846076#5,-49846076#6,-49846076#7,-49846076#8,-49846076#9,-51653518#0,-51653518#1,-51653518#2,-548603140#0,-548603140#1,-548603140#2,-548603140#3,-548603140#4,-548603140#5,-548603140#6,-548603141,-556550800#0,-556550800#1,-578579825#0,-578579825#1,-578579825#2,-578579825#3,-67527736#0,-67527736#1,-67564892,-67596637#0,-67596637#1,-67596637#2,-67596637#3,-67596638,-80664630#0,-80664630#1,-80664630#2,-80664630#3,-80664630#4,-80664630#5,-80664630#6,-80664630#7,-80664630#8,-80776632#0,-80776632#1,-80776632#2,-80776632#3,-80776632#4,-80776632#5,-80776632#6,-80776637,-80776639,11176415#0,11176415#1,11176424#0,11177712#0,11177712#1,11177712#2,11179420#0,11179420#1,11181663#0,11181663#1,11181663#2,11181663#3,11181663#4,11181663#5,11181663#6,11181663#7,11181663#8,11182195#4,11182195#5,11182195#6,11182195#7,11182195#8,11192207#0,11192207#1,11192207#2,11192207#3,11192510#0,11192510#1,11195369#0,11195369#1,11195369#2,11195369#3,11195369#4,11195369#5,11195369#6,11195369#7,11196509#0,11196509#1,11196509#2,11196509#3,11196509#4,11196509#5,11196509#6,11196739#0,11196739#1,11196739#2,11197189#0,11197189#1,11197189#10,11197189#11,11197189#12,11197189#13,11197189#14,11197189#15,11197189#2,11197189#3,11197189#4,11197189#5,11197189#6,11197189#7,11197189#8,11197189#9,11198835,11198919#0,11198919#1,11198919#2,11198919#3,11198919#4,11202155#0,11202155#1,11202298,11203589,11203721#0,11204339#0,11204339#1,11204339#10,11204339#14,11204339#15,11204339#2,11204339#3,11204339#4,11204339#5,11204339#6,11204339#7,11204339#8,11204339#9,11205322#0,127456767#0,127456767#1,127456776#0,127456776#1,127456786,127456789#4,127456789#5,127456789#6,127456789#7,127588535,127605025#0,127605025#1,127605025#2,127605026,127605064#0,127605070,135787592#0,135787592#1,135787592#2,135787592#3,135787592#4,135787592#5,147779032,147779041,147779043,147779051,147779057#0,147779057#1,147779060,210328290#0,210328290#1,210328290#2,210328290#3,210328290#4,210328290#5,210328290#6,210328290#7,210328290#8,210328290#9,210328293#0,210328293#1,210328293#2,210585066#0,210585066#1,210585088,213546030#0,213546030#1,213546030#2,213546046#0,213546046#1,213546046#2,213546046#3,215671206#2,215671206#3,215671206#4,215671206#5,215795044#0,215795044#1,215795044#2,215795047#0,215795047#1,215795047#10,215795047#11,215795047#12,215795047#13,215795047#14,215795047#15,215795047#2,215795047#3,215795047#4,215795047#5,215795047#6,215795047#7,215795047#8,215795047#9,215885158#0,215885158#1,215885158#2,215885158#3,215885158#4,215885158#5,392396226,399817852#0,399817852#1,399817853#1,43250131,43250160,43678374,43990395#0,43990395#1,43990395#2,43990395#3,44035097#0,44035097#1,44035097#2,44035168#0,44035168#1,44035168#10,44035168#11,44035168#12,44035168#13,44035168#2,44035168#3,44035168#4,44035168#5,44035168#6,44035168#7,44035168#8,44035168#9,44035398,44035559#0,44035559#1,44035559#2,44035661#0,44035661#1,47015011,47025648#0,47025648#1,47025648#2,47025648#3,47025742#0,47025742#1,47026123#0,47026123#1,47026123#2,47026123#3,47026124#0,47026124#1,47026124#10,47026124#11,47026124#12,47026124#2,47026124#3,47026124#4,47026124#5,47026124#6,47026124#7,47026124#8,47026124#9,47026379#0,47026379#1,47026379#2,47026383#0,47026383#1,47026383#2,47026383#3,47026383#4,47026383#5,47026383#6,47026383#7,47026383#8,47027013#0,47027013#1,47528849#0,47528849#1,47528851#0,47528851#1,47528851#2,47528851#3,47528851#4,47528851#5,47528851#6,49845392#0,49845392#1,49845392#2,49846076#0,49846076#1,49846076#10,49846076#11,49846076#12,49846076#13,49846076#14,49846076#15,49846076#2,49846076#3,49846076#4,49846076#5,49846076#6,49846076#7,49846076#8,49846076#9,50971131,50974575#0,50974575#1,51653517#0,51653517#1,51653517#2,51653517#3,51653517#4,51653517#5,51653518#0,51653518#1,51653518#2,51653519#0,51653519#1,51653519#2,51653520#0,51653520#1,51653520#2,548603140#0,548603140#1,548603140#2,548603140#3,548603140#4,548603140#5,548603140#6,548603141,548603143#0,548603143#1,548603143#2,548603143#3,548603143#4,548603143#5,548603143#6,548603143#7,548603143#8,556388155#0,556388156,556550794,556550796,556550798#0,556550798#1,556550798#2,556550800#0,556550800#1,556550813#0,556550813#1,556550823#0,556550823#1,556550823#2,556856681,556856711#0,556856714,56026926#0,56026926#1,578579825#0,578579825#1,578579825#2,578579825#3,578579828#0,578579828#1,67527736#0,67527736#1,67564892,67596637#0,67596637#1,67596637#2,67596637#3,67596638,73974974#0,73974974#1,73974974#2,73974974#3,74098641#0,74098641#1,74098641#10,74098641#2,74098641#3,74098641#4,74098641#5,74098641#6,74098641#7,74098641#8,74098641#9,75248684#0,75248684#1,75248684#2,75248684#3,75248715#0,75248715#1,76797317#0,76797317#1,76797317#2,76797317#3,76797317#4,76797317#5,76797317#6,80638274#0,80638274#1,80659099,80659123#0,80659123#1,80659123#2,80662305#0,80662305#1,80662305#2,80664630#0,80664630#1,80664630#2,80664630#3,80664630#4,80664630#5,80664630#6,80664630#7,80664630#8,80664631#0,80664631#1,80664631#2,80664631#5,80664631#6,80664631#7,80776632#0,80776632#1,80776632#2,80776632#3,80776632#4,80776632#5,80776632#6,80776637,80776639
road52,5,-11179409#9,-11204339#14,11204339#11,215795047#16,44035168#14
road53,7,-11182195#4,-215671206#1,11196739#2,127456767#2,135787592#5,147779060,556388155#1
road54,11,-213546041,11176424#0,11202298,11203721#1,11205322#1,127456773,392396341,43678374,49887035,556856711#0,56026926#0
road55,8,-80664630#0,127605064#0,147779027,215885158#5,423220349,49845392#3,80664632,80776637
road56,1,11204339#15
road57,334,-11177710,-11179545,-11179939#0,-11179939#1,-11181664#0,-11181664#1,-11181964#0,-11181964#1,-11187290,-11188446,-11190859,-11190896,-11192348#0,-11192348#1,-11192348#2,-11192348#3,-11192348#4,-11196211,-11196650,-11197150,-11197292,-11200298,-11201376,-11201377,-11201472,-11202174#0,-11202174#1,-11203462#0,-11203462#1,-11203462#2,-11203463,-127588489#0,-127588489#1,-127588489#2,-127588489#3,-127588508,-127588555#3,-127605052,-127605064#0,-127605064#1,-210328288#0,-210328288#1,-210328296#0,-210328296#1,-210328297#0,-210328297#1,-210328297#2,-210584960,-210585002,-210585021,-210585023,-210585110,-210585114,-210585119,-210585120#0,-210585120#1,-210585121,-210585122#0,-210585122#1,-210585123#0,-210585123#1,-210585127,-210585128,-210585130,-210585131,-210585132,-210585141,-210737492,-213546019#0,-213546019#1,-213546019#2,-213546019#3,-213546019#4,-213546019#5,-213546019#6,-213546019#7,-213546019#8,-213546036,-213546060#0,-213546060#1,-213546061#0,-213546061#1,-213546062#0,-213546062#1,-213546062#2,-213546064#0,-213546064#1,-213657189,-215795035#0,-215795035#1,-215795051#0,-215795051#1,-215795051#2,-215795051#3,-215795051#4,-215795051#5,-215795055#0,-215795055#1,-215795055#2,-215795058#0,-215795058#1,-215795058#2,-215885158#5,-215885158#6,-215885158#7,-215885158#8,-215885166,-215885167,-215885168#1,-215885169,-215885171,-423220347#0,-423220347#1,-423220347#2,-423220349,-43990446,-44075488,-44075492,-47026382,-67561688#0,-67561688#1,-67561691,-73538114#0,-73538114#1,-73538114#2,-73540498#1,-75248722,-80664632,11177710,11179545,11179939#0,11179939#1,11181664#0,11181664#1,11181964#0,11181964#1,11185661,11185811,11187290,11188446,11190859,11190896,11192211,11192348#0,11192348#1,11192348#2,11192348#3,11192348#4,11196211,11196650,11197150,11197292,11200298,11201270,11201376,11201377,11201472,11202174#0,11202174#1,11203462#0,11203462#1,11203462#2,11203463,127456789#0,127456789#1,127456789#2,127588474#0,127588474#1,127588489#0,127588489#1,127588489#2,127588489#3,127588508,127588509,127588555#3,127588557#0,127588557#1,127588557#2,127588558#0,127588558#1,127605052,127605064#0,127605064#1,147778983,147779002,147779002-AddedOffRampEdge,147779004,147779025,147779027-AddedOffRampEdge,147779031,147779034,147779041,147779049,147779057#0,147779062,148640634#0,148640634#1,148640641#0,148640641#1,210328288#0,210328288#1,210328296#0,210328296#1,210328297#0,210328297#1,210328297#2,210584960,210584974,210585002,210585021,210585023,210585110,210585114,210585119,210585120#0,210585120#1,210585121,210585122#0,210585122#1,210585123#0,210585123#1,210585127,210585128,210585130,210585131,210585132,210585141,210737492,213546019#0,213546019#1,213546019#2,213546019#3,213546019#4,213546019#5,213546019#6,213546019#7,213546019#8,213546036,213546060#0,213546060#1,213546061#0,213546061#1,213546062#0,213546062#1,213546062#2,213546064#0,213546064#1,213657189,215591466#0,215591466#1,215795035#0,215795035#1,215795049#0,215795049#1,215795049#2,215795050,215795051#0,215795051#1,215795051#2,215795051#3,215795051#4,215795051#5,215795055#0,215795055#1,215795055#2,215795058#0,215795058#1,215795058#2,215885158#5,215885158#6,215885158#7,215885158#8,215885166,215885167,215885168#1,215885169,215885171,216298907#0,216298907#1,216298907#2,392397210,423220347#0,423220347#1,423220347#2,423220349,43250163#0,43990412#0,43990412#1,43990446,43990448,43990449,44075464#0,44075464#1,44075464#2,44075488,44075492,44075507#0,44075507#1,44075507#2,44075507#3,44075507#4,44075507#5,44075507#6,45844776,47026382,47099094#0,47099094#1,48665328,49845392#10,49845392#11,49845392#4,49845392#5,49845392#6,49845392#7,49845392#8,49845392#9,558918482#0,558918482#1,67561686,67561688#0,67561688#1,67561689,67561690,67561691,73538114#0,73538114#1,73538114#2,73540498#1,75248722,80664632,80775439#3,80775439#5,80775439#6,gneE0
road58,8,-11203462#0,-215885168#0,-73540498#0,-73542499,11179939#1,11181964#1,44075488,44075496
road59,4,-127588555#2,11201377,157477641,215795035#2
road60,9,-127605064#0,-215885158#5,-423220349,-80664632,-80776637,127456789#3,147779041,147779057#0,80664630#0
road61,2,127588487#0,215795051#6
road62,29,-11175992,-11192210,-11195370,-11201375,-127588487#1,-210584971,-210585148#0,-210585148#1,-210585148#2,-215795051#7,-73538104,-73540480#0,-73540480#1,-75459767,11175992,11192210,11195370,11201375,127588487#1,210584971,210585148#0,210585148#1,210585148#2,215795051#7,43990406,73538104,73540480#0,73540480#1,75459767
road63,3,-127588487#0,-215795051#6,80775439#2
road64,2,213546018,73540480#1
road65,259,-11177996,-11177999,-11178577,-11181955,-11182003#0,-11182003#1,-11189032,-11190048#0,-11190048#1,-11190048#2,-11190048#3,-11190048#4,-11192415#0,-11192415#1,-11192415#2,-11192415#3,-11193630,-11194169,-11195059,-11195817,-11196464,-11199337,-11200249,-11200531,-11204174,-157303003#1,-157303007#1,-208188119,-208188120,-208188121,-208188178,-210166748#1,-210166749,-210166750,-210166751,-210166752,-210166753#0,-210166753#1,-210166754,-210166755#0,-210166755#1,-210166755#2,-210166756#0,-210166756#1,-210166757#0,-210166757#1,-210166757#2,-210166757#3,-210166766,-210166767,-210166768,-210166769,-210166787#1,-210166794,-210166795,-210166798,-210166799,-210166800#0,-210166800#1,-210166800#2,-210166800#3,-210272744,-215885162#0,-215885162#1,-216584558#0,-216584558#1,-43678574#0,-43678574#1,-614345281,-614345284,-67383828,-79584770#2,-79584770#3,-79584770#4,-79584770#5,-79584771,-79584845,-80778216#0,-80778216#1,-80778216#2,-80778216#3,-80778216#4,-80778216#5,-80778216#6,-80778216#7,-80778217#0,-80778217#1,-80778217#2,-80778217#3,-80778217#4,-80778217#5,-80778217#6,-80778217#7,-80778918#0,-80778918#1,-80778918#2,-80778918#3,-80778936#0,-80778936#1,-80778936#2,-80778936#3,-80778936#4,-80778936#5,-80778936#6,-83977852#3,-83977852#4,-83977852#5,-83977852#6,-85476398,11171908,11177996,11177999,11178577,11181955,11182003#0,11182003#1,11189032,11190048#0,11190048#1,11190048#2,11190048#3,11190048#4,11192415#0,11192415#1,11192415#2,11192415#3,11193630,11194169,11195059,11195817,11196464,11199337,11200249,11200531,11204174,140097361#2,157303003#1,157303007#1,193614014#0,193614014#1,193614017#0,193614017#1,195446931#0,195446931#1,208188119,208188120,208188121,208188178,208952117#0,208952117#1,208952117#2,208952117#3,208952117#4,208952117#5,208952117#6,208952117#7,208952233,210166748#1,210166749,210166750,210166751,210166752,210166753#0,210166753#1,210166754,210166755#0,210166755#1,210166755#2,210166756#0,210166756#1,210166757#0,210166757#1,210166757#2,210166757#3,210166766,210166767,210166768,210166769,210166787#1,210166794,210166795,210166798,210166799,210166800#0,210166800#1,210166800#2,210166800#3,210272744,215885162#0,215885162#1,215885163,216584558#0,216584558#1,41200450,41200468,41200475,41200481,41200482#0,41200482#1,41200543,41200553,41200573#0,41200573#1,43678574#0,43678574#1,43678579,43678598,43678599#0,43678599#1,43678606,43678610,47091737,48487864#0,48487864#1,49887032#0,49887033,614345281,614345284,67383828,73538110#1,79584770#2,79584770#3,79584770#4,79584770#5,79584771,79584845,80761692#1,80778216#0,80778216#1,80778216#2,80778216#3,80778216#4,80778216#5,80778216#6,80778216#7,80778217#0,80778217#1,80778217#2,80778217#3,80778217#4,80778217#5,80778217#6,80778217#7,80778918#0,80778918#1,80778918#2,80778918#3,80778936#0,80778936#1,80778936#2,80778936#3,80778936#4,80778936#5,80778936#6,83977852#3,83977852#4,83977852#5,83977852#6,85476398
road66,10,-11177999,-157303003#0,-210166748#0,-210166787#1,-215795004#3,-79584770#1,-83977852#3,11171908,208952117#8,49887032#0-AddedOffRampEdge
road67,3,-157303007#0,193614014#2,80778936#6
road68,3,-85476396,215885164#0,41200543
road69,322,-11176376#0,-11176376#1,-11177382#0,-11177382#1,-11177382#2,-11177382#3,-11177382#4,-11178001#2,-11178001#3,-11178001#4,-11178001#5,-11178001#6,-11178001#7,-11180909,-11180912,-11188237,-11189035#0,-11189035#1,-11189221,-11189281,-11189979,-11190971#0,-11190971#1,-11192264#0,-11192264#1,-11192864,-11192866,-11193291,-11193292,-11193814,-11193834,-11195192#1,-11195816,-11204772,-11205134,-11205419,-127588502,-127605020,-127605021,-127605022,-127605023#0,-127605023#1,-127605023#2,-127605024,-135796718,-135796743#0,-135796743#1,-135796743#2,-135796743#3,-135796743#4,-157847770,-157847773#0,-157847773#1,-157848150,-157849035,-157849036,-209511918,-210166744,-210166746,-210166747,-210166787#0,-210166788,-210166789,-210242866,-210242867,-210242868,-210272753,-210272754,-210272756,-210272811,-210272812,-210326205,-210326218,-210326226,-210326228,-210326234,-210326239,-210326240,-210326249,-210326250,-210326268,-210326273,-210326283,-210326347#0,-210326347#1,-210326353,-210326385,-212734371,-213657192,-213657199,-213657201#0,-213657201#1,-213657216,-215795004#0,-215795004#1,-215885146,-215885160,-363246675#6,-363246675#7,-363246675#8,-363246675#9,-43824087,-44035361,-67384580#0,-67384580#1,-73540737#0,-73540737#1,-73540737#2,-73540737#3,-73540737#5,-73540737#6,-79288787#0,-79288787#1,-79288787#2,-79584770#0,-80772379#0,-80772379#1,-83291392,-83291395,-83977852#0,-83977852#1,-83977852#2,-87659390#0,11171908,11173277,11176376#0,11176376#1,11177382#0,11177382#1,11177382#2,11177382#3,11177382#4,11178001#2,11178001#3,11178001#4,11178001#5,11178001#6,11178001#7,11180909,11180912,11188237,11189035#0,11189035#1,11189221,11189281,11189979,11190971#0,11190971#1,11192264#0,11192264#1,11192864,11192866,11193291,11193292,11193814,11193834,11195192#1,11195816,11204772,11205134,11205419,127588502,127588506#0,127588506#1,127605020,127605021,127605022,127605023#0,127605023#1,127605023#2,127605024,135796718,135796741,135796743#0,135796743#1,135796743#2,135796743#3,135796743#4,147045060#0,147045060#1,147045060#1-AddedOnRampEdge,157847770,157847773#0,157847773#1,157848150,157849035,157849036,208952117#9,209511918,210166744,210166746,210166747,210166787#0,210166788,210166789,210242866,210242867,210242868,210272753,210272754,210272756,210272811,210272812,210326205,210326218,210326226,210326228,210326234,210326239,210326240,210326249,210326250,210326268,210326273,210326283,210326347#0,210326347#1,210326353,210326385,212734371,213657192,213657199,213657201#0,213657201#1,213657216,215671197,215671198,215795004#0,215795004#1,215885146,215885160,32084328,32084847,32084870,32084885,32084888,32084898,32084902,32084903,32084910,32084911,32084913,32084914,32084921,32084923,32084924#0,32084924#1,32084924#1-AddedOnRampEdge,32084928,32085110,363246675#6,363246675#7,363246675#8,363246675#9,41200424,41200426,41200428,41200429,41200444,41200446,41200448,43250126,43250132,43250135,43250136,43250140,43824087,44035361,44035368,44035371,44035443,44035447,44035449,47025871#0,47025871#1,48649280,48649282,48649284,48649286,48649287#0,48649287#1,48649287#1-AddedOnRampEdge,48649289,48649292,48649293,49887032#1,49887035,49887038,49887040,544685270,548021413,593507998,593507998-AddedOnRampEdge,67384580#0,67384580#1,684864824#0,73540737#0,73540737#1,73540737#2,73540737#3,73540737#5,73540737#6,79182734#0,79182734#0-AddedOffRampEdge,79182734#1,79182736,79184265,79288787#0,79288787#1,79288787#2,79505827,79505828,79584770#0,80747149,80772379#0,80772379#1,83291392,83291395,83977852#0,83977852#1,83977852#2,87659390#0
road70,6,-11178001#1,-210326272,-213657216,-579042234#3,43250140,47528847#0
road71,7,-11195192#0,-363246675#5,210326379,32084924#1,43250126,47025871#0,684864824#0
road72,8,11177999,157303003#0,210166748#0,210166787#1,215795004#3,41200450,79584770#1,83977852#3
road73,6,210326242,215885146,593507998,79505827,87659207#0,87659390#1
road74,9,-11176424#0,-11202298,-11203721#1,-11205322#1,213546041,43250140-AddedOffRampEdge,44035398,556856681,56026926#0
road75,300,-11176424#1,-11176618,-11177184,-11177211,-11177266,-11178001#0,-11178755#0,-11178755#1,-11179430,-11179432,-11180335#0,-11180335#1,-11180335#2,-11183294#0,-11183294#1,-11183509,-11183808#0,-11183808#1,-11187677,-11190969#0,-11190969#1,-11193356,-11195566#0,-11195566#1,-11195930,-11197026,-11198781,-11200923,-11202300,-11203318#0,-11203318#1,-11203721#2,-11204294,-11204798,-11204807#0,-11204807#1,-11205096,-11205322#2,-11205322#3,-155955194,-155955225,-155955227,-157848652,-157848653#0,-157848653#1,-157849406,-157849409,-157849410#1,-157849410#2,-157849410#3,-157849412,-208146179,-210326362,-210326363#0,-210326363#1,-210737454,-210737455,-210737456,-210737457,-210737458#0,-210737458#1,-210737459,-210737460#0,-210737460#1,-210737466,-210737499,-210737501,-210737537,-210827994,-213546033#0,-213546033#1,-213657216,-215671196#0,-215671196#1,-215671196#2,-215671196#3,-215671196#4,-215671196#5,-215671199#0,-215671199#1,-215671199#2,-215671199#3,-215795062#0,-215795062#1,-216298910,-216705231#0,-216705231#1,-216705231#2,-43678399#0,-43678399#1,-43678399#10,-43678399#2,-43678399#4,-43678399#5,-43678399#6,-43678399#7,-43678399#8,-43678399#9,-47027057,-47528847#1,-47528847#2,-47528847#3,-562669803#0,-562669803#1,-562669803#2,-579042230,-579042234#0,-579042234#1,-579042234#2,-586149058,-586149059,-69527309,-73532101#0,-73532101#1,-73537498,-75252141#0,-75252141#1,-75459737#0,-75459737#1,-75459737#2,-75459737#3,-75459761,-77543295#0,-77543295#1,-77543295#2,-77543295#3,-81229244#1,-81229346#0,-81229346#1,-81229346#2,11176424#1,11176618,11177184,11177211,11177266,11178001#0,11178755#0,11178755#1,11179430,11179432,11179529#0,11179529#1,11179529#2,11179529#3,11180127#0,11180127#1,11180335#0,11180335#1,11180335#2,11182365,11182514#0,11182514#1,11182515,11183294#0,11183294#1,11183509,11183808#0,11183808#1,11187677,11190969#0,11190969#1,11193356,11195566#0,11195566#1,11195930,11197026,11198781,11200923,11202300,11203318#0,11203318#1,11203721#2,11204294,11204798,11204807#0,11204807#1,11205096,11205322#2,11205322#3,155955194,155955225,155955227,157848652,157848653#0,157848653#1,157849406,157849409,157849410#1,157849410#2,157849410#3,157849412,208146179,210326362,210326363#0,210326363#1,210737454,210737455,210737456,210737457,210737458#0,210737458#1,210737459,210737460#0,210737460#1,210737466,210737499,210737501,210737537,210827994,213546033#0,213546033#1,213546042,213657216,215671196#0,215671196#1,215671196#2,215671196#3,215671196#4,215671196#5,215671199#0,215671199#1,215671199#2,215671199#3,215795062#0,215795062#1,216298910,216705231#0,216705231#1,216705231#2,43250140,43678374-AddedOffRampEdge,43678382#0,43678382#1,43678399#0,43678399#1,43678399#10,43678399#2,43678399#4,43678399#5,43678399#6,43678399#7,43678399#8,43678399#9,44035398,46976043#0,46976043#0-AddedOnRampEdge,46976043#1,47027057,47528847#1,47528847#2,47528847#3,47528848#0,47528848#1,47528848#2,47528853#0,47528853#1,49847221#0,49847221#1,49887035,556856692,556856705,556856709#0,556856709#1,556856711#0,556856711#1,56026926#0,562669803#0,562669803#1,562669803#2,579042230,579042234#0,579042234#1,579042234#2,586149058,586149059,67384050,69527309,73532101#0,73532101#1,73537498,75252141#0,75252141#1,75459737#0,75459737#1,75459737#2,75459737#3,75459761,77543295#0,77543295#1,77543295#2,77543295#3,80664412,80671517#0,80671517#1,80671517#2,80890157,81229244#1,81229346#0,81229346#1,81229346#2
road76,5,-11200923,-81229244#0,11190969#1,215795040#0,80890308#0
road77,10,-155955194,-43678411,11177185,11193598,11200923,11204798,155955202#1,155955227,208146178,73532101#2
road78,7,-47528847#0,11178001#1,210326272,213657216,43250126,49887035,579042234#3
road79,10,-11177185,-11193598,-11200923,-11204798,-155955202#1,-155955227,-208146178,-73532101#2,155955194,43678411
road80,272,-11177209#0,-11177209#1,-11177209#2,-11177209#3,-11181553,-11182384,-11182385#0,-11182385#1,-11182433,-11188239,-11190946#0,-11190946#1,-11191887,-11191929,-11193486#0,-11193486#1,-11193486#2,-11195103,-11196652,-11201007,-11201267#0,-11201794,-11204573,-11204798,-11205079,-127588549,-127588550#0,-127588550#2,-127588555#0,-127588555#1,-127588556#2,-138656519#0,-138656519#1,-138656519#3,-155443968,-155955194,-155955230,-155955236,-155955237,-155955242,-156357752,-156456204#0,-156456204#1,-156698644#0,-156698644#1,-156698644#2,-156698644#4,-156698644#5,-156698644#6,-156698644#7,-156698644#8,-157477492,-157477506,-157477515,-157477522,-157477524#0,-157477524#1,-157477658,-157477781,-208146186,-208146187,-208146188,-208146189,-208146190,-208146191,-208146423,-210737461,-210737462,-210737463,-210737464,-210737465,-210737467,-210737475#0,-210737475#1,-210737477,-210737484#0,-210737484#1,-210737493,-210737494,-210737495,-210737496,-210737497,-210737498,-210737504,-210737507,-210737508,-210737509,-210737510,-210737511,-210737512,-210737513#0,-210737513#1,-210737514#0,-210737514#1,-210737515,-210737534#0,-210737534#1,-210737536,-210737538,-210737539,-210737540,-210737541,-210737542,-210827759,-210827763,-213546065,-213563478#0,-213563478#1,-213657195,-215591368,-215591395,-215795024,-215795029#0,-215795029#1,-215795035#10,-215795035#11,-215795035#12,-215795035#13,-215795035#3,-215795035#5,-215795035#6,-215795035#7,-215795035#8,-215795035#9,-215885108,-43678414,-43678415,-43882834,-73538466,-73540475#0,-73540475#1,-73540508#0,-73540508#1,-73540508#2,-85388646,11177209#0,11177209#1,11177209#2,11177209#3,11181553,11182384,11182385#0,11182385#1,11182433,11187940,11188239,11190946#0,11190946#1,11191887,11191929,11193486#0,11193486#1,11193486#2,11195103,11196652,11201007,11201267#0,11201794,11203569,11204573,11204798,11205079,127588549,127588550#0,127588550#2,127588555#0,127588555#1,127588556#2,138656519#0,138656519#1,138656519#3,155443968,155955194,155955230,155955236,155955237,155955242,156357752,156456204#0,156456204#1,156698644#0,156698644#1,156698644#2,156698644#4,156698644#5,156698644#6,156698644#7,156698644#8,157477492,157477506,157477515,157477522,157477524#0,157477524#1,157477658,157477781,208146186,208146187,208146188,208146189,208146190,208146191,208146423,210737461,210737462,210737463,210737464,210737465,210737467,210737475#0,210737475#1,210737477,210737484#0,210737484#1,210737493,210737494,210737495,210737496,210737497,210737498,210737504,210737507,210737508,210737509,210737510,210737511,210737512,210737513#0,210737513#1,210737514#0,210737514#1,210737515,210737534#0,210737534#1,210737536,210737538,210737539,210737540,210737541,210737542,210827759,210827763,213546065,213563478#0,213563478#1,213657195,215591368,215591395,215795024,215795029#0,215795029#1,215795035#10,215795035#11,215795035#12,215795035#13,215795035#3,215795035#5,215795035#6,215795035#7,215795035#8,215795035#9,215885108,43678414,43678415,43882834,73538466,73540475#0,73540475#1,73540508#0,73540508#1,73540508#2,85388646
road81,5,-11201377,-157477641,-215795035#2,11201270,127588555#2
road82,5,-127588556#1,11196227,11201267#1,156357752,213563478#1
road83,2,11177209#5,216584553
road84,2,-11177209#5,-216584553
road85,22,-11177921,-11187297,-11198139,-11199694,-11201725#0,-11201725#1,-11201725#2,-155926537#0,-155926537#1,-155926542,-215795015,11177921,11187297,11198139,11199694,11201725#0,11201725#1,11201725#2,155926537#0,155926537#1,155926542,215795015
road86,2,11199694,208933821
road87,194,-11181409,-11182000,-11183138#0,-11183138#1,-11183138#2,-11183138#3,-11183138#4,-11183138#5,-11187246#0,-11187246#1,-11199331#1,-11199331#2,-11199331#3,-11200456,-11202213,-127605071,-127605072#0,-127605072#1,-127605073#0,-127605073#1,-127605073#2,-127605073#3,-127605074#0,-135796767#1,-135796767#2,-135796767#3,-135796767#4,-135796767#5,-135796767#6,-151885357,-156192175,-156192263#0,-156192265#1,-156192269#1,-157303005,-157848729,-157848732,-157848738,-208952254#0,-210146391#0,-210146391#1,-210166758,-210166764,-210166765,-210166771#0,-210166773#0,-210166773#2,-210166779#0,-210166779#1,-210166801#0,-210166801#1,-210166803,-210166805,-210166806,-210166807,-210166809#0,-210166810#0,-210166810#2,-210166813,-210166814#0,-210166814#1,-210166815#0,-210166817,-210166818#0,-210166819#0,-210166819#1,-213563485,-213563486#0,-213563486#1,-216584542,-81229247#1,-81229247#2,-81229247#3,-81229247#4,-81229247#5,-81229247#6,-81229247#8,-81229247#9,-86979109#0,-86979109#1,-86979109#2,-86979114#1,-86979129,-86979140#1,11181409,11182000,11183138#0,11183138#1,11183138#2,11183138#3,11183138#4,11183138#5,11187246#0,11187246#1,11199331#1,11199331#2,11199331#3,11200456,11202213,127605071,127605072#0,127605072#1,127605073#0,127605073#1,127605073#2,127605073#3,127605074#0,135796767#1,135796767#2,135796767#3,135796767#4,135796767#5,135796767#6,151885357,156192175,156192219#10,156192219#8,156192219#9,156192225#0,156192225#1,156192225#2,156192225#3,156192232#0,156192232#1,156192232#2,156192232#3,156192232#4,156192263#0,156192265#1,156192269#1,157303005,157848729,157848732,157848738,208952254#0,210146391#0,210146391#1,210166758,210166764,210166765,210166771#0,210166773#0,210166773#2,210166779#0,210166779#1,210166801#0,210166801#1,210166803,210166805,210166806,210166807,210166809#0,210166810#0,210166810#2,210166813,210166814#0,210166814#1,210166815#0,210166817,210166818#0,210166819#0,210166819#1,213563485,213563486#0,213563486#1,216584542,80761710#0,80761710#1,80761710#2,80761710#3,81229247#1,81229247#2,81229247#3,81229247#4,81229247#5,81229247#6,81229247#8,81229247#9,81229259#0,81229259#1,81229259#2,81229259#3,81229259#4,81229259#5,81229259#6,81229268#0,81229268#1,81229268#2,86979109#0,86979109#1,86979109#2,86979114#1,86979129,86979140#1
road88,8,-11199331#0,-11200456,-156192186,-156192265#0,-156192269#0,-81229247#0,-86979114#0,-86979140#0
road89,3,-80778936#6,157303007#0,80761692#0
road90,199,-11178045,-11178464#0,-11178464#1,-11184568,-11184569,-11187250,-11191385,-11194651,-11198681,-11198686,-11199682,-11200456,-11202194,-11202196,-11203935,-11204692,-11204694,-11205153,-11205154,-127588495,-127588496,-127588497,-127588498#0,-127588498#1,-127588501,-127588503#0,-127588503#1,-127588504#0,-127588504#1,-127588504#2,-127588510#0,-127588510#1,-127588511,-127588512#0,-127588512#1,-127588513#2,-127588513#3,-127588515,-127588516,-127605068,-156192186,-156805683,-156805698,-156805704,-210146280,-210146401,-210166759,-210166761,-210166762,-210166763,-210166812,-210218009,-210326207,-210326214,-210326216,-210326217,-210326219,-210326221,-210326223,-210326230,-210326232,-210326237,-210326241,-210326244,-210326252,-210326337,-210326338,-210326339,-210326405,-213563484,-213657188,-215591428#0,-215591428#1,-215885152#0,-215885152#1,-358243988,-49847844#0,-49847844#1,-79288780#0,-79288780#1,-87659207#1,-87659207#2,-87659390#2,-87659437#0,-87659437#1,-87659437#2,11171269,11175458,11178045,11178464#0,11178464#1,11184568,11184569,11187250,11191385,11194651,11198681,11198686,11199682,11200456,11202194,11202196,11203935,11204692,11204694,11205153,11205154,127588495,127588496,127588497,127588498#0,127588498#1,127588501,127588503#0,127588503#1,127588504#0,127588504#1,127588504#2,127588510#0,127588510#1,127588511,127588512#0,127588512#1,127588513#2,127588513#3,127588515,127588516,127605068,156192186,156772073,156805683,156805698,156805704,209696041,210146280,210146401,210166759,210166761,210166762,210166763,210166812,210218009,210326207,210326214,210326216,210326217,210326219,210326221,210326223,210326230,210326232,210326237,210326241,210326244,210326252,210326337,210326338,210326339,210326405,212733450#1,212733450#1-AddedOffRampEdge,212733450#2,212733462,213563484,213657188,215591428#0,215591428#1,215885152#0,215885152#1,32084101,32084113,358243988,49847844#0,49847844#1,49847898,49887039,547070588,547070589,547070591#0,547070591#0-AddedOffRampEdge,547070591#1,548021409,552662208,552662209,589510481,589510483#0,79288780#0,79288780#1,79288781,79288782#0,79288782#1,79288783,83229464,87659207#1,87659207#2,87659390#2,87659437#0,87659437#1,87659437#2
road91,5,-127588513#1,-210146282#3,-210146402#1,-213657188,424420098#0
road92,6,-210326242,-215885146,-87659207#0,-87659390#1,49887038,548021413
road93,8,11199331#0,11200456,156192186,156192265#0,156192269#0,81229247#0,86979114#0,86979140#0
road94,405,-11177066,-11178104,-11179466,-11180130#0,-11180130#2,-11180659,-11182831#0,-11182831#1,-11182831#2,-11183768,-11184634,-11190969#1,-11190969#2,-11190969#3,-11190969#4,-11190969#5,-11190970,-11192059#0,-11192059#1,-11192116,-11193846,-11194261#0,-11194261#1,-11194347#0,-11194347#1,-11194347#2,-11194347#3,-11194348,-11194485,-11196641#0,-11196641#1,-11196870,-11196871,-11196949,-11198026,-11198811#0,-11198811#1,-11200923,-11201286,-11201360#0,-11201360#1,-11201644,-11202058#0,-11202058#1,-11202058#2,-11202058#3,-11202058#4,-11202058#5,-11202058#6,-11203423#0,-11203423#1,-11203423#2,-11203423#3,-11203536#0,-11203536#1,-11203536#2,-11203536#3,-127588491#0,-127588491#1,-127588491#2,-127588491#3,-127588491#4,-127588491#5,-127588513#0,-127588514#0,-127588514#1,-138656506#0,-138656506#1,-138656506#2,-138656506#3,-138656506#4,-155955199#0,-155955199#1,-157477564#0,-157477564#1,-157477564#2,-157477572#0,-157477572#1,-157477579,-208146231,-208146418,-210146281,-210146282#0,-210146282#1,-210146282#2,-210146286,-210146287,-210146290,-210146291,-210146293,-210146299,-210146303,-210146307,-210146311#0,-210146311#1,-210146315#0,-210146315#1,-210146348,-210146352,-210146355,-210146372,-210146381,-210146382,-210146384#0,-210146384#1,-210146384#2,-210146385,-210146387,-210146394,-210146395,-210146396,-210146397,-210146398,-210146399,-210146400,-210146402#0,-210146402#1,-210827695,-210827697,-210827699,-210827987,-210828054,-210828137,-210828140,-210828245,-213546031#0,-213546031#1,-213546032#0,-213546032#1,-213563516#0,-213563516#1,-213563516#2,-213563516#3,-213563516#5,-213657188,-213657193,-213657197,-215591367#0,-215591367#1,-215795030,-215795040#1,-216298941,-216298948,-216584549#0,-216584549#1,-216584549#2,-216584549#3,-216584576,-424420098#0,-424420098#1,-424420098#2,-424420098#3,-424420098#4,-43883717,-51064603#0,-51064603#1,-51064603#2,-51064603#3,-51064603#4,-51064603#5,-562669768,-562669770,-562669772,-586133435,-586148998,-586149008,-73538461,-77543290#0,-77543290#1,-80772383#0,-80772383#1,-80772383#2,-80772383#3,-80772383#5,-80772383#6,-80772383#7,-80890307,-80890308#1,-80890308#2,-80890308#3,-80890308#4,-81229244#0,11177066,11178104,11179466,11179467,11179546,11180130#0,11180130#2,11180659,11182831#0,11182831#1,11182831#2,11183768,11184634,11185100,11190969#1,11190969#2,11190969#3,11190969#4,11190969#5,11190970,11192059#0,11192059#1,11192116,11193057#0,11193057#1,11193846,11194261#0,11194261#1,11194347#0,11194347#1,11194347#2,11194347#3,11194348,11194388,11194485,11195151,11196641#0,11196641#1,11196870,11196871,11196949,11198026,11198811#0,11198811#1,11200923,11201286,11201360#0,11201360#1,11201644,11202058#0,11202058#1,11202058#2,11202058#3,11202058#4,11202058#5,11202058#6,11203423#0,11203423#1,11203423#2,11203423#3,11203536#0,11203536#1,11203536#2,11203536#3,127588491#0,127588491#1,127588491#2,127588491#3,127588491#4,127588491#5,127588513#0,127588514#0,127588514#1,138656506#0,138656506#1,138656506#2,138656506#3,138656506#4,155955199#0,155955199#1,155955217,155955241,157477564#0,157477564#1,157477564#2,157477572#0,157477572#1,157477579,208146231,208146418,210146281,210146282#0,210146282#1,210146282#2,210146286,210146287,210146290,210146291,210146293,210146299,210146303,210146307,210146311#0,210146311#1,210146315#0,210146315#1,210146348,210146352,210146355,210146372,210146373#0,210146373#1,210146373#2,210146377,210146379,210146380,210146381,210146382,210146384#0,210146384#1,210146384#2,210146385,210146387,210146394,210146395,210146396,210146397,210146398,210146399,210146400,210146402#0,210146402#1,210827695,210827697,210827699,210827987,210828054,210828137,210828140,210828245,213546031#0,213546031#1,213546032#0,213546032#1,213563490,213563516#0,213563516#1,213563516#2,213563516#3,213563516#5,213563530,213563531#0,213563531#1,213657188,213657193,213657197,215591367#0,215591367#1,215795030,215795040#1,216298941,216298948,216584549#0,216584549#1,216584549#2,216584549#3,216584576,424420098#0,424420098#1,424420098#2,424420098#3,424420098#4,424489997,43883717,51064603#0,51064603#1,51064603#2,51064603#3,51064603#4,51064603#5,556856644,562669764,562669765#0,562669765#1,562669765#2,562669766,562669767,562669768,562669769,562669770,562669771,562669772,562669773,562669774,562669775,562669776,562669777,562669784#0,562669784#1,562669784#2,586133435,586148998,586149008,601418145,73538461,73538469#0,73538469#1,77543287,77543290#0,77543290#1,80772383#0,80772383#1,80772383#2,80772383#3,80772383#5,80772383#6,80772383#7,80890307,80890308#1,80890308#2,80890308#3,80890308#4,81229244#0
road95,5,-11190969#1,-215795040#0,-80890308#0,11200923,81229244#0
road96,5,-424420098#0,127588513#1,210146282#3,210146402#1,213657188
road97,7,11177387#0,157477549,210146390,210827756#0,210828059#0,210828147#0,210828243
road98,274,-11177064#0,-11177064#1,-11177387#1,-11178488#0,-11178488#1,-11179423,-11179884#0,-11179884#1,-11179884#2,-11179884#3,-11179886,-11182467,-11182469#0,-11182469#1,-11182469#2,-11185879,-11187386,-11190068,-11196210,-11196639,-11199917,-11200536,-11200640,-11201267#2,-11203534,-127588543,-127588551,-127588552,-127588553,-127588554,-127588556#0,-127605065,-155955220#0,-155955220#1,-155955220#2,-155955220#3,-155955220#4,-156357752,-157477553,-157477559,-157750276,-157750280,-157750294,-157849121#0,-157849121#1,-157849121#2,-157849898#0,-157849898#1,-157849898#2,-157849898#3,-157965421,-208146228,-208146233,-208146237#0,-208146237#1,-210146388,-210146389,-210827702,-210827748,-210827750,-210827754,-210827756#1,-210827757#0,-210827757#1,-210827799,-210827800,-210827802,-210827807,-210827809,-210827811#0,-210827811#1,-210827813#0,-210827813#1,-210827819,-210827821,-210827825#0,-210827825#1,-210827828,-210827831,-210827833#0,-210827833#1,-210827863,-210827876,-210827877,-210827878,-210827968,-210827969,-210827970,-210827971,-210827976#0,-210827976#1,-210827978,-210827979,-210827986,-210827989,-210827991,-210827997,-210828055,-210828056,-210828059#1,-210828062,-210828147#1,-210828151#0,-210828151#1,-210828222,-210828223,-210828242,-210828244,-210828246,-210828247,-210828248,-210828249,-210828250#0,-210828250#1,-210828251#0,-210828251#1,-210828252,-213546040#0,-213546040#1,-213546056,-213546057,-213546059,-213563478#1,-213657218#0,-215885135#0,-215885135#1,-73540472#0,-73540473#0,-73540473#1,-73540478#1,-73540478#2,-73540478#3,-73540489,-73540499#0,-73540499#1,-73540505#0,-73540505#1,11177064#0,11177064#1,11177387#1,11178488#0,11178488#1,11179423,11179884#0,11179884#1,11179884#2,11179884#3,11179886,11182467,11182469#0,11182469#1,11182469#2,11185879,11187386,11190068,11196210,11196639,11199917,11200536,11200640,11201267#2,11203534,127588543,127588551,127588552,127588553,127588554,127588556#0,127605065,155955220#0,155955220#1,155955220#2,155955220#3,155955220#4,156357752,157477553,157477559,157750276,157750280,157750294,157849121#0,157849121#1,157849121#2,157849898#0,157849898#1,157849898#2,157849898#3,157965421,208146228,208146233,208146237#0,208146237#1,210146388,210146389,210827702,210827748,210827750,210827754,210827756#1,210827757#0,210827757#1,210827799,210827800,210827802,210827807,210827809,210827811#0,210827811#1,210827813#0,210827813#1,210827819,210827821,210827825#0,210827825#1,210827828,210827831,210827833#0,210827833#1,210827863,210827876,210827877,210827878,210827968,210827969,210827970,210827971,210827976#0,210827976#1,210827978,210827979,210827986,210827989,210827991,210827997,210828055,210828056,210828059#1,210828062,210828147#1,210828151#0,210828151#1,210828222,210828223,210828242,210828244,210828246,210828247,210828248,210828249,210828250#0,210828250#1,210828251#0,210828251#1,210828252,213546040#0,213546040#1,213546056,213546057,213546059,213563478#1,213657218#0,215885135#0,215885135#1,73540472#0,73540473#0,73540473#1,73540478#1,73540478#2,73540478#3,73540489,73540499#0,73540499#1,73540505#0,73540505#1
road99,7,-11177387#0,-157477549,-210146390,-210827756#0,-210828059#0,-210828147#0,-210828243
road100,5,-11196227,-11201267#1,-156357752,-213563478#1,127588556#1
road101,8,11183069,127605015,157965421,210827974,213546040#2,213657218#1,73540472#1,85387979
road102,66,-11177374,-11185206,-11193067,-11196371,-11202104,-11203535,-11203795,-11204679,-11204808,-127605015,-127605039#0,-127605039#1,-127605040#0,-127605040#1,-127605040#2,-127605040#3,-127605040#4,-127605040#5,-127605040#6,-127605040#7,-155955193,-155955205,-155955206,-208933822,-210827851,-210827853,-213546040#3,-48483638#0,-83668704#0,-83668704#1,-83668704#2,-83668704#3,-83668704#4,11177374,11185206,11193067,11196371,11202104,11203535,11203795,11204679,11204808,127605015,127605039#0,127605039#1,127605040#0,127605040#1,127605040#2,127605040#3,127605040#4,127605040#5,127605040#6,127605040#7,155955193,155955205,155955206,208933822,210827851,210827853,213546040#3,48483638#0,83668704#0,83668704#1,83668704#2,83668704#3,83668704#4
road103,8,-11183069,-127605015,-157965421,-210827974,-213546040#2,-213657218#1,-73540472#1,-85387979
road104,2,-11199694,-208933821
